{
    "independent continuant": {
        "precision": 0.0,
        "recall": 0.0,
        "f1-score": 0.0,
        "support": 2.0
    },
    "specifically dependent continuant": {
        "precision": 0.6,
        "recall": 0.4,
        "f1-score": 0.48,
        "support": 15.0
    },
    "generically dependent continuant": {
        "precision": 0.0,
        "recall": 0.0,
        "f1-score": 0.0,
        "support": 5.0
    },
    "process": {
        "precision": 0.5185185185185185,
        "recall": 0.6086956521739131,
        "f1-score": 0.56,
        "support": 23.0
    },
    "micro avg": {
        "precision": 0.4878048780487805,
        "recall": 0.4444444444444444,
        "f1-score": 0.46511627906976744,
        "support": 45.0
    },
    "macro avg": {
        "precision": 0.2796296296296296,
        "recall": 0.25217391304347825,
        "f1-score": 0.26,
        "support": 45.0
    },
    "weighted avg": {
        "precision": 0.4650205761316872,
        "recall": 0.4444444444444444,
        "f1-score": 0.4462222222222222,
        "support": 45.0
    },
    "samples avg": {
        "precision": 0.4444444444444444,
        "recall": 0.4444444444444444,
        "f1-score": 0.4444444444444444,
        "support": 45.0
    }
}