{
    "independent continuant": {
        "precision": 0.7783251231527094,
        "recall": 0.8061224489795918,
        "f1-score": 0.7919799498746867,
        "support": 196.0
    },
    "specifically dependent continuant": {
        "precision": 0.9545454545454546,
        "recall": 0.5957446808510638,
        "f1-score": 0.7336244541484717,
        "support": 282.0
    },
    "generically dependent continuant": {
        "precision": 0.3968253968253968,
        "recall": 0.49504950495049505,
        "f1-score": 0.44052863436123346,
        "support": 101.0
    },
    "process": {
        "precision": 0.8181818181818182,
        "recall": 0.7777777777777778,
        "f1-score": 0.7974683544303798,
        "support": 162.0
    },
    "micro avg": {
        "precision": 0.7617602427921093,
        "recall": 0.6774628879892037,
        "f1-score": 0.7171428571428572,
        "support": 741.0
    },
    "macro avg": {
        "precision": 0.7369694481763448,
        "recall": 0.6686736031397321,
        "f1-score": 0.6909003482036928,
        "support": 741.0
    },
    "weighted avg": {
        "precision": 0.802103052556773,
        "recall": 0.6774628879892037,
        "f1-score": 0.7230680590195866,
        "support": 741.0
    },
    "samples avg": {
        "precision": 0.6774628879892037,
        "recall": 0.6774628879892037,
        "f1-score": 0.6774628879892037,
        "support": 741.0
    }
}