{
    "independent continuant": {
        "precision": 1.0,
        "recall": 0.9980842911877394,
        "f1-score": 0.9990412272291467,
        "support": 522.0
    },
    "specifically dependent continuant": {
        "precision": 0.0,
        "recall": 0.0,
        "f1-score": 0.0,
        "support": 1.0
    },
    "generically dependent continuant": {
        "precision": 0.0,
        "recall": 0.0,
        "f1-score": 0.0,
        "support": 0.0
    },
    "process": {
        "precision": 0.0,
        "recall": 0.0,
        "f1-score": 0.0,
        "support": 0.0
    },
    "micro avg": {
        "precision": 0.9980842911877394,
        "recall": 0.9961759082217974,
        "f1-score": 0.9971291866028709,
        "support": 523.0
    },
    "macro avg": {
        "precision": 0.25,
        "recall": 0.24952107279693486,
        "f1-score": 0.24976030680728667,
        "support": 523.0
    },
    "weighted avg": {
        "precision": 0.9980879541108987,
        "recall": 0.9961759082217974,
        "f1-score": 0.9971310145575804,
        "support": 523.0
    },
    "samples avg": {
        "precision": 0.9961759082217974,
        "recall": 0.9961759082217974,
        "f1-score": 0.9961759082217974,
        "support": 523.0
    }
}