{
    "independent continuant": {
        "precision": 1.0,
        "recall": 0.5,
        "f1-score": 0.6666666666666666,
        "support": 4.0
    },
    "specifically dependent continuant": {
        "precision": 0.5,
        "recall": 1.0,
        "f1-score": 0.6666666666666666,
        "support": 1.0
    },
    "generically dependent continuant": {
        "precision": 0.75,
        "recall": 1.0,
        "f1-score": 0.8571428571428571,
        "support": 3.0
    },
    "process": {
        "precision": 1.0,
        "recall": 0.5,
        "f1-score": 0.6666666666666666,
        "support": 10.0
    },
    "micro avg": {
        "precision": 0.8461538461538461,
        "recall": 0.6111111111111112,
        "f1-score": 0.7096774193548387,
        "support": 18.0
    },
    "macro avg": {
        "precision": 0.8125,
        "recall": 0.75,
        "f1-score": 0.7142857142857142,
        "support": 18.0
    },
    "weighted avg": {
        "precision": 0.9305555555555556,
        "recall": 0.6111111111111112,
        "f1-score": 0.6984126984126983,
        "support": 18.0
    },
    "samples avg": {
        "precision": 0.6111111111111112,
        "recall": 0.6111111111111112,
        "f1-score": 0.6111111111111112,
        "support": 18.0
    }
}