{
    "independent continuant": {
        "precision": 1.0,
        "recall": 0.8947368421052632,
        "f1-score": 0.9444444444444444,
        "support": 95.0
    },
    "specifically dependent continuant": {
        "precision": 0.0,
        "recall": 0.0,
        "f1-score": 0.0,
        "support": 0.0
    },
    "generically dependent continuant": {
        "precision": 0.0,
        "recall": 0.0,
        "f1-score": 0.0,
        "support": 0.0
    },
    "process": {
        "precision": 0.0,
        "recall": 0.0,
        "f1-score": 0.0,
        "support": 0.0
    },
    "micro avg": {
        "precision": 0.8947368421052632,
        "recall": 0.8947368421052632,
        "f1-score": 0.8947368421052632,
        "support": 95.0
    },
    "macro avg": {
        "precision": 0.25,
        "recall": 0.2236842105263158,
        "f1-score": 0.2361111111111111,
        "support": 95.0
    },
    "weighted avg": {
        "precision": 1.0,
        "recall": 0.8947368421052632,
        "f1-score": 0.9444444444444443,
        "support": 95.0
    },
    "samples avg": {
        "precision": 0.8947368421052632,
        "recall": 0.8947368421052632,
        "f1-score": 0.8947368421052632,
        "support": 95.0
    }
}