{
    "independent continuant": {
        "precision": 1.0,
        "recall": 0.8767123287671232,
        "f1-score": 0.9343065693430657,
        "support": 73.0
    },
    "specifically dependent continuant": {
        "precision": 0.0,
        "recall": 0.0,
        "f1-score": 0.0,
        "support": 0.0
    },
    "generically dependent continuant": {
        "precision": 0.0,
        "recall": 0.0,
        "f1-score": 0.0,
        "support": 0.0
    },
    "process": {
        "precision": 0.0,
        "recall": 0.0,
        "f1-score": 0.0,
        "support": 0.0
    },
    "micro avg": {
        "precision": 0.8888888888888888,
        "recall": 0.8767123287671232,
        "f1-score": 0.8827586206896552,
        "support": 73.0
    },
    "macro avg": {
        "precision": 0.25,
        "recall": 0.2191780821917808,
        "f1-score": 0.23357664233576642,
        "support": 73.0
    },
    "weighted avg": {
        "precision": 1.0,
        "recall": 0.8767123287671232,
        "f1-score": 0.9343065693430658,
        "support": 73.0
    },
    "samples avg": {
        "precision": 0.8767123287671232,
        "recall": 0.8767123287671232,
        "f1-score": 0.8767123287671232,
        "support": 73.0
    }
}