{
    "independent continuant": {
        "precision": 0.5555555555555556,
        "recall": 0.3424657534246575,
        "f1-score": 0.423728813559322,
        "support": 73.0
    },
    "specifically dependent continuant": {
        "precision": 0.9988826815642458,
        "recall": 0.9749182115594329,
        "f1-score": 0.9867549668874173,
        "support": 917.0
    },
    "generically dependent continuant": {
        "precision": 0.0,
        "recall": 0.0,
        "f1-score": 0.0,
        "support": 0.0
    },
    "process": {
        "precision": 0.0,
        "recall": 0.0,
        "f1-score": 0.0,
        "support": 0.0
    },
    "micro avg": {
        "precision": 0.9387129724208376,
        "recall": 0.9282828282828283,
        "f1-score": 0.9334687658710005,
        "support": 990.0
    },
    "macro avg": {
        "precision": 0.38860955927995033,
        "recall": 0.3293459912460226,
        "f1-score": 0.35262094511168485,
        "support": 990.0
    },
    "weighted avg": {
        "precision": 0.9661929035858271,
        "recall": 0.9282828282828283,
        "f1-score": 0.9452388969955476,
        "support": 990.0
    },
    "samples avg": {
        "precision": 0.9282828282828283,
        "recall": 0.9282828282828283,
        "f1-score": 0.9282828282828283,
        "support": 990.0
    }
}