{
    "independent continuant": {
        "precision": 0.9991721854304636,
        "recall": 0.9950535861500412,
        "f1-score": 0.9971086327963652,
        "support": 2426.0
    },
    "specifically dependent continuant": {
        "precision": 0.25,
        "recall": 0.2,
        "f1-score": 0.2222222222222222,
        "support": 5.0
    },
    "generically dependent continuant": {
        "precision": 0.0,
        "recall": 0.0,
        "f1-score": 0.0,
        "support": 0.0
    },
    "process": {
        "precision": 0.35294117647058826,
        "recall": 0.75,
        "f1-score": 0.48,
        "support": 8.0
    },
    "micro avg": {
        "precision": 0.9930270713699754,
        "recall": 0.992619926199262,
        "f1-score": 0.9928234570432644,
        "support": 2439.0
    },
    "macro avg": {
        "precision": 0.400528340475263,
        "recall": 0.48626339653751033,
        "f1-score": 0.4248327137546468,
        "support": 2439.0
    },
    "weighted avg": {
        "precision": 0.9955167081861703,
        "recall": 0.992619926199262,
        "f1-score": 0.9938239664924533,
        "support": 2439.0
    },
    "samples avg": {
        "precision": 0.992619926199262,
        "recall": 0.992619926199262,
        "f1-score": 0.992619926199262,
        "support": 2439.0
    }
}