{
    "independent continuant": {
        "precision": 0.6666666666666666,
        "recall": 0.5,
        "f1-score": 0.5714285714285714,
        "support": 32.0
    },
    "specifically dependent continuant": {
        "precision": 0.75,
        "recall": 0.15789473684210525,
        "f1-score": 0.2608695652173913,
        "support": 19.0
    },
    "generically dependent continuant": {
        "precision": 0.7608695652173914,
        "recall": 0.7446808510638298,
        "f1-score": 0.7526881720430108,
        "support": 94.0
    },
    "process": {
        "precision": 0.48148148148148145,
        "recall": 0.37142857142857144,
        "f1-score": 0.41935483870967744,
        "support": 35.0
    },
    "micro avg": {
        "precision": 0.6938775510204082,
        "recall": 0.5666666666666667,
        "f1-score": 0.6238532110091743,
        "support": 180.0
    },
    "macro avg": {
        "precision": 0.6647544283413848,
        "recall": 0.44350103983362665,
        "f1-score": 0.5010852868496627,
        "support": 180.0
    },
    "weighted avg": {
        "precision": 0.688649579531222,
        "recall": 0.5666666666666667,
        "f1-score": 0.6037352419540357,
        "support": 180.0
    },
    "samples avg": {
        "precision": 0.5666666666666667,
        "recall": 0.5666666666666667,
        "f1-score": 0.5666666666666667,
        "support": 180.0
    }
}