{
    "independent continuant": {
        "precision": 0.0,
        "recall": 0.0,
        "f1-score": 0.0,
        "support": 0.0
    },
    "specifically dependent continuant": {
        "precision": 1.0,
        "recall": 0.7339034205231388,
        "f1-score": 0.8465332172903974,
        "support": 7952.0
    },
    "generically dependent continuant": {
        "precision": 0.0,
        "recall": 0.0,
        "f1-score": 0.0,
        "support": 0.0
    },
    "process": {
        "precision": 0.0,
        "recall": 0.0,
        "f1-score": 0.0,
        "support": 0.0
    },
    "micro avg": {
        "precision": 0.7647752588127376,
        "recall": 0.7339034205231388,
        "f1-score": 0.7490213694410576,
        "support": 7952.0
    },
    "macro avg": {
        "precision": 0.25,
        "recall": 0.1834758551307847,
        "f1-score": 0.21163330432259936,
        "support": 7952.0
    },
    "weighted avg": {
        "precision": 1.0,
        "recall": 0.7339034205231388,
        "f1-score": 0.8465332172903974,
        "support": 7952.0
    },
    "samples avg": {
        "precision": 0.7339034205231388,
        "recall": 0.7339034205231388,
        "f1-score": 0.7339034205231388,
        "support": 7952.0
    }
}