{
    "independent continuant": {
        "precision": 1.0,
        "recall": 0.8771929824561403,
        "f1-score": 0.9345794392523364,
        "support": 57.0
    },
    "specifically dependent continuant": {
        "precision": 0.0,
        "recall": 0.0,
        "f1-score": 0.0,
        "support": 0.0
    },
    "generically dependent continuant": {
        "precision": 0.0,
        "recall": 0.0,
        "f1-score": 0.0,
        "support": 0.0
    },
    "process": {
        "precision": 0.0,
        "recall": 0.0,
        "f1-score": 0.0,
        "support": 0.0
    },
    "micro avg": {
        "precision": 0.8771929824561403,
        "recall": 0.8771929824561403,
        "f1-score": 0.8771929824561403,
        "support": 57.0
    },
    "macro avg": {
        "precision": 0.25,
        "recall": 0.21929824561403508,
        "f1-score": 0.2336448598130841,
        "support": 57.0
    },
    "weighted avg": {
        "precision": 1.0,
        "recall": 0.8771929824561403,
        "f1-score": 0.9345794392523364,
        "support": 57.0
    },
    "samples avg": {
        "precision": 0.8771929824561403,
        "recall": 0.8771929824561403,
        "f1-score": 0.8771929824561403,
        "support": 57.0
    }
}