{
    "independent continuant": {
        "precision": 0.813953488372093,
        "recall": 0.4605263157894737,
        "f1-score": 0.5882352941176471,
        "support": 76.0
    },
    "specifically dependent continuant": {
        "precision": 1.0,
        "recall": 0.225,
        "f1-score": 0.3673469387755102,
        "support": 40.0
    },
    "generically dependent continuant": {
        "precision": 0.0,
        "recall": 0.0,
        "f1-score": 0.0,
        "support": 0.0
    },
    "process": {
        "precision": 0.5,
        "recall": 0.975609756097561,
        "f1-score": 0.6611570247933884,
        "support": 41.0
    },
    "micro avg": {
        "precision": 0.6268656716417911,
        "recall": 0.535031847133758,
        "f1-score": 0.5773195876288659,
        "support": 157.0
    },
    "macro avg": {
        "precision": 0.5784883720930233,
        "recall": 0.4152840179717586,
        "f1-score": 0.40418481442163645,
        "support": 157.0
    },
    "weighted avg": {
        "precision": 0.7793660198489113,
        "recall": 0.535031847133758,
        "f1-score": 0.5510012606400669,
        "support": 157.0
    },
    "samples avg": {
        "precision": 0.535031847133758,
        "recall": 0.535031847133758,
        "f1-score": 0.535031847133758,
        "support": 157.0
    }
}