{
    "independent continuant": {
        "precision": 0.0,
        "recall": 0.0,
        "f1-score": 0.0,
        "support": 0.0
    },
    "specifically dependent continuant": {
        "precision": 0.0,
        "recall": 0.0,
        "f1-score": 0.0,
        "support": 0.0
    },
    "generically dependent continuant": {
        "precision": 0.0,
        "recall": 0.0,
        "f1-score": 0.0,
        "support": 0.0
    },
    "process": {
        "precision": 1.0,
        "recall": 0.9016620498614959,
        "f1-score": 0.9482884195193008,
        "support": 1444.0
    },
    "micro avg": {
        "precision": 0.9079497907949791,
        "recall": 0.9016620498614959,
        "f1-score": 0.9047949965253649,
        "support": 1444.0
    },
    "macro avg": {
        "precision": 0.25,
        "recall": 0.22541551246537397,
        "f1-score": 0.2370721048798252,
        "support": 1444.0
    },
    "weighted avg": {
        "precision": 1.0,
        "recall": 0.9016620498614959,
        "f1-score": 0.9482884195193008,
        "support": 1444.0
    },
    "samples avg": {
        "precision": 0.9016620498614959,
        "recall": 0.9016620498614959,
        "f1-score": 0.9016620498614959,
        "support": 1444.0
    }
}