{
    "independent continuant": {
        "precision": 0.6610169491525424,
        "recall": 0.6724137931034483,
        "f1-score": 0.6666666666666666,
        "support": 58.0
    },
    "specifically dependent continuant": {
        "precision": 0.022222222222222223,
        "recall": 0.125,
        "f1-score": 0.03773584905660377,
        "support": 8.0
    },
    "generically dependent continuant": {
        "precision": 0.9940828402366864,
        "recall": 0.8685376661742984,
        "f1-score": 0.9270792274339772,
        "support": 1354.0
    },
    "process": {
        "precision": 0.10465116279069768,
        "recall": 0.45,
        "f1-score": 0.16981132075471697,
        "support": 20.0
    },
    "micro avg": {
        "precision": 0.8922068463219228,
        "recall": 0.8506944444444444,
        "f1-score": 0.8709562744400995,
        "support": 1440.0
    },
    "macro avg": {
        "precision": 0.4454932936005372,
        "recall": 0.5289878648194367,
        "f1-score": 0.45032326597799116,
        "support": 1440.0
    },
    "weighted avg": {
        "precision": 0.9629152428923002,
        "recall": 0.8506944444444444,
        "f1-score": 0.9011319818193186,
        "support": 1440.0
    },
    "samples avg": {
        "precision": 0.8506944444444444,
        "recall": 0.8506944444444444,
        "f1-score": 0.8506944444444444,
        "support": 1440.0
    }
}