{
    "independent continuant": {
        "precision": 1.0,
        "recall": 0.991594606034952,
        "f1-score": 0.9957795658114468,
        "support": 16537.0
    },
    "specifically dependent continuant": {
        "precision": 0.0,
        "recall": 0.0,
        "f1-score": 0.0,
        "support": 0.0
    },
    "generically dependent continuant": {
        "precision": 0.0,
        "recall": 0.0,
        "f1-score": 0.0,
        "support": 0.0
    },
    "process": {
        "precision": 0.0,
        "recall": 0.0,
        "f1-score": 0.0,
        "support": 0.0
    },
    "micro avg": {
        "precision": 0.9917745252207573,
        "recall": 0.991594606034952,
        "f1-score": 0.9916845574672674,
        "support": 16537.0
    },
    "macro avg": {
        "precision": 0.25,
        "recall": 0.247898651508738,
        "f1-score": 0.2489448914528617,
        "support": 16537.0
    },
    "weighted avg": {
        "precision": 1.0,
        "recall": 0.991594606034952,
        "f1-score": 0.9957795658114468,
        "support": 16537.0
    },
    "samples avg": {
        "precision": 0.991594606034952,
        "recall": 0.991594606034952,
        "f1-score": 0.991594606034952,
        "support": 16537.0
    }
}