{
    "independent continuant": {
        "precision": 0.0,
        "recall": 0.0,
        "f1-score": 0.0,
        "support": 4.0
    },
    "specifically dependent continuant": {
        "precision": 1.0,
        "recall": 0.2857142857142857,
        "f1-score": 0.4444444444444444,
        "support": 7.0
    },
    "generically dependent continuant": {
        "precision": 0.8888888888888888,
        "recall": 0.5714285714285714,
        "f1-score": 0.6956521739130435,
        "support": 42.0
    },
    "process": {
        "precision": 0.6,
        "recall": 0.8571428571428571,
        "f1-score": 0.7058823529411765,
        "support": 7.0
    },
    "micro avg": {
        "precision": 0.7804878048780488,
        "recall": 0.5333333333333333,
        "f1-score": 0.6336633663366337,
        "support": 60.0
    },
    "macro avg": {
        "precision": 0.6222222222222222,
        "recall": 0.42857142857142855,
        "f1-score": 0.46149474282466607,
        "support": 60.0
    },
    "weighted avg": {
        "precision": 0.8088888888888889,
        "recall": 0.5333333333333333,
        "f1-score": 0.621161314767453,
        "support": 60.0
    },
    "samples avg": {
        "precision": 0.5333333333333333,
        "recall": 0.5333333333333333,
        "f1-score": 0.5333333333333333,
        "support": 60.0
    }
}