{
    "independent continuant": {
        "precision": 1.0,
        "recall": 0.8571428571428571,
        "f1-score": 0.9230769230769231,
        "support": 21.0
    },
    "specifically dependent continuant": {
        "precision": 0.0,
        "recall": 0.0,
        "f1-score": 0.0,
        "support": 0.0
    },
    "generically dependent continuant": {
        "precision": 0.0,
        "recall": 0.0,
        "f1-score": 0.0,
        "support": 0.0
    },
    "process": {
        "precision": 0.0,
        "recall": 0.0,
        "f1-score": 0.0,
        "support": 0.0
    },
    "micro avg": {
        "precision": 0.9473684210526315,
        "recall": 0.8571428571428571,
        "f1-score": 0.9,
        "support": 21.0
    },
    "macro avg": {
        "precision": 0.25,
        "recall": 0.21428571428571427,
        "f1-score": 0.23076923076923078,
        "support": 21.0
    },
    "weighted avg": {
        "precision": 1.0,
        "recall": 0.8571428571428571,
        "f1-score": 0.9230769230769231,
        "support": 21.0
    },
    "samples avg": {
        "precision": 0.8571428571428571,
        "recall": 0.8571428571428571,
        "f1-score": 0.8571428571428571,
        "support": 21.0
    }
}