{
    "independent continuant": {
        "precision": 0.8157207314177155,
        "recall": 0.5919352059279683,
        "f1-score": 0.6860395446375075,
        "support": 5803.0
    },
    "specifically dependent continuant": {
        "precision": 0.45105215004574567,
        "recall": 0.3228552717747217,
        "f1-score": 0.3763358778625954,
        "support": 1527.0
    },
    "generically dependent continuant": {
        "precision": 0.0,
        "recall": 0.0,
        "f1-score": 0.0,
        "support": 0.0
    },
    "process": {
        "precision": 0.6448534423994546,
        "recall": 0.5540263543191801,
        "f1-score": 0.5959993699795243,
        "support": 3415.0
    },
    "micro avg": {
        "precision": 0.6766655040111615,
        "recall": 0.5416472778036296,
        "f1-score": 0.6016747648092629,
        "support": 10745.0
    },
    "macro avg": {
        "precision": 0.4779065809657289,
        "recall": 0.36720420800546755,
        "f1-score": 0.4145936981199068,
        "support": 10745.0
    },
    "weighted avg": {
        "precision": 0.7095913023109347,
        "recall": 0.5416472778036296,
        "f1-score": 0.6134099778043476,
        "support": 10745.0
    },
    "samples avg": {
        "precision": 0.5416472778036296,
        "recall": 0.5416472778036296,
        "f1-score": 0.5416472778036296,
        "support": 10745.0
    }
}