{
    "independent continuant": {
        "precision": 0.0,
        "recall": 0.0,
        "f1-score": 0.0,
        "support": 0.0
    },
    "specifically dependent continuant": {
        "precision": 0.0,
        "recall": 0.0,
        "f1-score": 0.0,
        "support": 0.0
    },
    "generically dependent continuant": {
        "precision": 0.0,
        "recall": 0.0,
        "f1-score": 0.0,
        "support": 0.0
    },
    "process": {
        "precision": 1.0,
        "recall": 0.9041095890410958,
        "f1-score": 0.9496402877697842,
        "support": 219.0
    },
    "micro avg": {
        "precision": 0.9041095890410958,
        "recall": 0.9041095890410958,
        "f1-score": 0.9041095890410958,
        "support": 219.0
    },
    "macro avg": {
        "precision": 0.25,
        "recall": 0.22602739726027396,
        "f1-score": 0.23741007194244604,
        "support": 219.0
    },
    "weighted avg": {
        "precision": 1.0,
        "recall": 0.9041095890410958,
        "f1-score": 0.949640287769784,
        "support": 219.0
    },
    "samples avg": {
        "precision": 0.9041095890410958,
        "recall": 0.9041095890410958,
        "f1-score": 0.9041095890410958,
        "support": 219.0
    }
}