{
    "independent continuant": {
        "precision": 0.0,
        "recall": 0.0,
        "f1-score": 0.0,
        "support": 2.0
    },
    "specifically dependent continuant": {
        "precision": 1.0,
        "recall": 0.5,
        "f1-score": 0.6666666666666666,
        "support": 2.0
    },
    "generically dependent continuant": {
        "precision": 0.9782608695652174,
        "recall": 0.8881578947368421,
        "f1-score": 0.9310344827586207,
        "support": 152.0
    },
    "process": {
        "precision": 0.75,
        "recall": 0.42857142857142855,
        "f1-score": 0.5454545454545454,
        "support": 7.0
    },
    "micro avg": {
        "precision": 0.9391891891891891,
        "recall": 0.852760736196319,
        "f1-score": 0.8938906752411575,
        "support": 163.0
    },
    "macro avg": {
        "precision": 0.6820652173913043,
        "recall": 0.45418233082706766,
        "f1-score": 0.5357889237199582,
        "support": 163.0
    },
    "weighted avg": {
        "precision": 0.956721792477994,
        "recall": 0.852760736196319,
        "f1-score": 0.8998083222750031,
        "support": 163.0
    },
    "samples avg": {
        "precision": 0.852760736196319,
        "recall": 0.852760736196319,
        "f1-score": 0.852760736196319,
        "support": 163.0
    }
}