{
    "independent continuant": {
        "precision": 1.0,
        "recall": 0.26804123711340205,
        "f1-score": 0.42276422764227645,
        "support": 97.0
    },
    "specifically dependent continuant": {
        "precision": 0.7142857142857143,
        "recall": 0.3723404255319149,
        "f1-score": 0.48951048951048953,
        "support": 94.0
    },
    "generically dependent continuant": {
        "precision": 0.0,
        "recall": 0.0,
        "f1-score": 0.0,
        "support": 0.0
    },
    "process": {
        "precision": 0.3113207547169811,
        "recall": 0.825,
        "f1-score": 0.4520547945205479,
        "support": 40.0
    },
    "micro avg": {
        "precision": 0.48704663212435234,
        "recall": 0.4069264069264069,
        "f1-score": 0.44339622641509435,
        "support": 231.0
    },
    "macro avg": {
        "precision": 0.5064016172506739,
        "recall": 0.3663454156613292,
        "f1-score": 0.34108237791832846,
        "support": 231.0
    },
    "weighted avg": {
        "precision": 0.764483494941716,
        "recall": 0.4069264069264069,
        "f1-score": 0.45499700379267854,
        "support": 231.0
    },
    "samples avg": {
        "precision": 0.4069264069264069,
        "recall": 0.4069264069264069,
        "f1-score": 0.4069264069264069,
        "support": 231.0
    }
}