{
    "independent continuant": {
        "precision": 0.3333333333333333,
        "recall": 0.1,
        "f1-score": 0.15384615384615385,
        "support": 10.0
    },
    "specifically dependent continuant": {
        "precision": 0.6666666666666666,
        "recall": 0.4,
        "f1-score": 0.5,
        "support": 10.0
    },
    "generically dependent continuant": {
        "precision": 0.4,
        "recall": 1.0,
        "f1-score": 0.5714285714285714,
        "support": 4.0
    },
    "process": {
        "precision": 0.95,
        "recall": 0.8962264150943396,
        "f1-score": 0.9223300970873787,
        "support": 106.0
    },
    "micro avg": {
        "precision": 0.8739495798319328,
        "recall": 0.8,
        "f1-score": 0.8353413654618473,
        "support": 130.0
    },
    "macro avg": {
        "precision": 0.5874999999999999,
        "recall": 0.5990566037735849,
        "f1-score": 0.536901205590526,
        "support": 130.0
    },
    "weighted avg": {
        "precision": 0.8638461538461537,
        "recall": 0.8,
        "f1-score": 0.8199320470418305,
        "support": 130.0
    },
    "samples avg": {
        "precision": 0.8,
        "recall": 0.8,
        "f1-score": 0.8,
        "support": 130.0
    }
}