{
    "independent continuant": {
        "precision": 0.0,
        "recall": 0.0,
        "f1-score": 0.0,
        "support": 0.0
    },
    "specifically dependent continuant": {
        "precision": 0.0,
        "recall": 0.0,
        "f1-score": 0.0,
        "support": 0.0
    },
    "generically dependent continuant": {
        "precision": 0.9761904761904762,
        "recall": 0.9647058823529412,
        "f1-score": 0.9704142011834319,
        "support": 85.0
    },
    "process": {
        "precision": 0.0,
        "recall": 0.0,
        "f1-score": 0.0,
        "support": 2.0
    },
    "micro avg": {
        "precision": 0.9534883720930233,
        "recall": 0.9425287356321839,
        "f1-score": 0.9479768786127167,
        "support": 87.0
    },
    "macro avg": {
        "precision": 0.24404761904761904,
        "recall": 0.2411764705882353,
        "f1-score": 0.24260355029585798,
        "support": 87.0
    },
    "weighted avg": {
        "precision": 0.9537493158182813,
        "recall": 0.9425287356321839,
        "f1-score": 0.9481058287424334,
        "support": 87.0
    },
    "samples avg": {
        "precision": 0.9425287356321839,
        "recall": 0.9425287356321839,
        "f1-score": 0.9425287356321839,
        "support": 87.0
    }
}