{
    "independent continuant": {
        "precision": 0.0,
        "recall": 0.0,
        "f1-score": 0.0,
        "support": 0.0
    },
    "specifically dependent continuant": {
        "precision": 0.0,
        "recall": 0.0,
        "f1-score": 0.0,
        "support": 0.0
    },
    "generically dependent continuant": {
        "precision": 0.0,
        "recall": 0.0,
        "f1-score": 0.0,
        "support": 0.0
    },
    "process": {
        "precision": 1.0,
        "recall": 0.9006211180124224,
        "f1-score": 0.9477124183006536,
        "support": 483.0
    },
    "micro avg": {
        "precision": 0.9294871794871795,
        "recall": 0.9006211180124224,
        "f1-score": 0.9148264984227129,
        "support": 483.0
    },
    "macro avg": {
        "precision": 0.25,
        "recall": 0.2251552795031056,
        "f1-score": 0.2369281045751634,
        "support": 483.0
    },
    "weighted avg": {
        "precision": 1.0,
        "recall": 0.9006211180124224,
        "f1-score": 0.9477124183006536,
        "support": 483.0
    },
    "samples avg": {
        "precision": 0.9006211180124224,
        "recall": 0.9006211180124224,
        "f1-score": 0.9006211180124224,
        "support": 483.0
    }
}