{
    "independent continuant": {
        "precision": 0.6666666666666666,
        "recall": 0.8888888888888888,
        "f1-score": 0.7619047619047619,
        "support": 9.0
    },
    "specifically dependent continuant": {
        "precision": 1.0,
        "recall": 0.5,
        "f1-score": 0.6666666666666666,
        "support": 10.0
    },
    "generically dependent continuant": {
        "precision": 0.0,
        "recall": 0.0,
        "f1-score": 0.0,
        "support": 0.0
    },
    "process": {
        "precision": 0.6666666666666666,
        "recall": 0.6666666666666666,
        "f1-score": 0.6666666666666666,
        "support": 3.0
    },
    "micro avg": {
        "precision": 0.7142857142857143,
        "recall": 0.6818181818181818,
        "f1-score": 0.6976744186046512,
        "support": 22.0
    },
    "macro avg": {
        "precision": 0.5833333333333333,
        "recall": 0.5138888888888888,
        "f1-score": 0.5238095238095237,
        "support": 22.0
    },
    "weighted avg": {
        "precision": 0.8181818181818182,
        "recall": 0.6818181818181818,
        "f1-score": 0.7056277056277055,
        "support": 22.0
    },
    "samples avg": {
        "precision": 0.6818181818181818,
        "recall": 0.6818181818181818,
        "f1-score": 0.6818181818181818,
        "support": 22.0
    }
}