{
    "independent continuant": {
        "precision": 1.0,
        "recall": 0.5,
        "f1-score": 0.6666666666666666,
        "support": 2.0
    },
    "specifically dependent continuant": {
        "precision": 0.8,
        "recall": 0.26666666666666666,
        "f1-score": 0.4,
        "support": 30.0
    },
    "generically dependent continuant": {
        "precision": 0.0,
        "recall": 0.0,
        "f1-score": 0.0,
        "support": 0.0
    },
    "process": {
        "precision": 0.7115384615384616,
        "recall": 0.8222222222222222,
        "f1-score": 0.7628865979381443,
        "support": 45.0
    },
    "micro avg": {
        "precision": 0.7301587301587301,
        "recall": 0.5974025974025974,
        "f1-score": 0.6571428571428571,
        "support": 77.0
    },
    "macro avg": {
        "precision": 0.6278846153846154,
        "recall": 0.3972222222222222,
        "f1-score": 0.45738831615120273,
        "support": 77.0
    },
    "weighted avg": {
        "precision": 0.7534965034965035,
        "recall": 0.5974025974025974,
        "f1-score": 0.6190029901370108,
        "support": 77.0
    },
    "samples avg": {
        "precision": 0.5974025974025974,
        "recall": 0.5974025974025974,
        "f1-score": 0.5974025974025974,
        "support": 77.0
    }
}