{
    "independent continuant": {
        "precision": 0.0,
        "recall": 0.0,
        "f1-score": 0.0,
        "support": 0.0
    },
    "specifically dependent continuant": {
        "precision": 0.8888888888888888,
        "recall": 0.15384615384615385,
        "f1-score": 0.26229508196721313,
        "support": 52.0
    },
    "generically dependent continuant": {
        "precision": 0.0,
        "recall": 0.0,
        "f1-score": 0.0,
        "support": 0.0
    },
    "process": {
        "precision": 0.9539473684210527,
        "recall": 0.9354838709677419,
        "f1-score": 0.9446254071661238,
        "support": 155.0
    },
    "micro avg": {
        "precision": 0.9107142857142857,
        "recall": 0.7391304347826086,
        "f1-score": 0.816,
        "support": 207.0
    },
    "macro avg": {
        "precision": 0.4607090643274854,
        "recall": 0.27233250620347393,
        "f1-score": 0.30173012228333423,
        "support": 207.0
    },
    "weighted avg": {
        "precision": 0.9376041754950984,
        "recall": 0.7391304347826086,
        "f1-score": 0.7732187554253346,
        "support": 207.0
    },
    "samples avg": {
        "precision": 0.7391304347826086,
        "recall": 0.7391304347826086,
        "f1-score": 0.7391304347826086,
        "support": 207.0
    }
}