{
    "independent continuant": {
        "precision": 0.0,
        "recall": 0.0,
        "f1-score": 0.0,
        "support": 0.0
    },
    "specifically dependent continuant": {
        "precision": 0.045454545454545456,
        "recall": 0.5,
        "f1-score": 0.08333333333333333,
        "support": 2.0
    },
    "generically dependent continuant": {
        "precision": 0.0,
        "recall": 0.0,
        "f1-score": 0.0,
        "support": 1.0
    },
    "process": {
        "precision": 1.0,
        "recall": 0.6219512195121951,
        "f1-score": 0.7669172932330827,
        "support": 82.0
    },
    "micro avg": {
        "precision": 0.7027027027027027,
        "recall": 0.611764705882353,
        "f1-score": 0.6540880503144654,
        "support": 85.0
    },
    "macro avg": {
        "precision": 0.26136363636363635,
        "recall": 0.2804878048780488,
        "f1-score": 0.212562656641604,
        "support": 85.0
    },
    "weighted avg": {
        "precision": 0.9657754010695188,
        "recall": 0.611764705882353,
        "f1-score": 0.7418104083738758,
        "support": 85.0
    },
    "samples avg": {
        "precision": 0.611764705882353,
        "recall": 0.611764705882353,
        "f1-score": 0.611764705882353,
        "support": 85.0
    }
}