{
    "independent continuant": {
        "precision": 0.0,
        "recall": 0.0,
        "f1-score": 0.0,
        "support": 0.0
    },
    "specifically dependent continuant": {
        "precision": 0.2,
        "recall": 0.05,
        "f1-score": 0.08,
        "support": 20.0
    },
    "generically dependent continuant": {
        "precision": 0.0,
        "recall": 0.0,
        "f1-score": 0.0,
        "support": 0.0
    },
    "process": {
        "precision": 0.9627906976744186,
        "recall": 0.8808510638297873,
        "f1-score": 0.92,
        "support": 470.0
    },
    "micro avg": {
        "precision": 0.8755274261603375,
        "recall": 0.8469387755102041,
        "f1-score": 0.8609958506224067,
        "support": 490.0
    },
    "macro avg": {
        "precision": 0.29069767441860467,
        "recall": 0.23271276595744683,
        "f1-score": 0.25,
        "support": 490.0
    },
    "weighted avg": {
        "precision": 0.931656383483626,
        "recall": 0.8469387755102041,
        "f1-score": 0.8857142857142858,
        "support": 490.0
    },
    "samples avg": {
        "precision": 0.8469387755102041,
        "recall": 0.8469387755102041,
        "f1-score": 0.8469387755102041,
        "support": 490.0
    }
}