{
    "independent continuant": {
        "precision": 1.0,
        "recall": 0.125,
        "f1-score": 0.2222222222222222,
        "support": 16.0
    },
    "specifically dependent continuant": {
        "precision": 0.4117647058823529,
        "recall": 0.4375,
        "f1-score": 0.42424242424242425,
        "support": 16.0
    },
    "generically dependent continuant": {
        "precision": 0.6363636363636364,
        "recall": 0.7,
        "f1-score": 0.6666666666666666,
        "support": 10.0
    },
    "process": {
        "precision": 0.7380952380952381,
        "recall": 0.6078431372549019,
        "f1-score": 0.6666666666666666,
        "support": 51.0
    },
    "micro avg": {
        "precision": 0.6527777777777778,
        "recall": 0.5053763440860215,
        "f1-score": 0.5696969696969697,
        "support": 93.0
    },
    "macro avg": {
        "precision": 0.6965558950853068,
        "recall": 0.46758578431372544,
        "f1-score": 0.4949494949494949,
        "support": 93.0
    },
    "weighted avg": {
        "precision": 0.7160723526947436,
        "recall": 0.5053763440860215,
        "f1-score": 0.5484957097860323,
        "support": 93.0
    },
    "samples avg": {
        "precision": 0.5053763440860215,
        "recall": 0.5053763440860215,
        "f1-score": 0.5053763440860215,
        "support": 93.0
    }
}