{
    "independent continuant": {
        "precision": 0.0,
        "recall": 0.0,
        "f1-score": 0.0,
        "support": 5.0
    },
    "specifically dependent continuant": {
        "precision": 0.5,
        "recall": 0.2857142857142857,
        "f1-score": 0.36363636363636365,
        "support": 7.0
    },
    "generically dependent continuant": {
        "precision": 0.25,
        "recall": 0.3333333333333333,
        "f1-score": 0.2857142857142857,
        "support": 3.0
    },
    "process": {
        "precision": 0.16666666666666666,
        "recall": 0.25,
        "f1-score": 0.2,
        "support": 4.0
    },
    "micro avg": {
        "precision": 0.2857142857142857,
        "recall": 0.21052631578947367,
        "f1-score": 0.24242424242424243,
        "support": 19.0
    },
    "macro avg": {
        "precision": 0.22916666666666666,
        "recall": 0.21726190476190477,
        "f1-score": 0.21233766233766233,
        "support": 19.0
    },
    "weighted avg": {
        "precision": 0.25877192982456143,
        "recall": 0.21052631578947367,
        "f1-score": 0.22118933697881066,
        "support": 19.0
    },
    "samples avg": {
        "precision": 0.21052631578947367,
        "recall": 0.21052631578947367,
        "f1-score": 0.21052631578947367,
        "support": 19.0
    }
}