{
    "independent continuant": {
        "precision": 0.36363636363636365,
        "recall": 0.5454545454545454,
        "f1-score": 0.43636363636363634,
        "support": 22.0
    },
    "specifically dependent continuant": {
        "precision": 0.6730769230769231,
        "recall": 0.7446808510638298,
        "f1-score": 0.7070707070707071,
        "support": 47.0
    },
    "generically dependent continuant": {
        "precision": 0.7441860465116279,
        "recall": 0.4383561643835616,
        "f1-score": 0.5517241379310345,
        "support": 73.0
    },
    "process": {
        "precision": 0.7142857142857143,
        "recall": 0.4838709677419355,
        "f1-score": 0.5769230769230769,
        "support": 31.0
    },
    "micro avg": {
        "precision": 0.6308724832214765,
        "recall": 0.5433526011560693,
        "f1-score": 0.5838509316770186,
        "support": 173.0
    },
    "macro avg": {
        "precision": 0.6237962618776572,
        "recall": 0.5530906321609681,
        "f1-score": 0.5680203895721136,
        "support": 173.0
    },
    "weighted avg": {
        "precision": 0.6711159186290252,
        "recall": 0.5433526011560693,
        "f1-score": 0.5837734143693881,
        "support": 173.0
    },
    "samples avg": {
        "precision": 0.5433526011560693,
        "recall": 0.5433526011560693,
        "f1-score": 0.5433526011560693,
        "support": 173.0
    }
}