{
    "independent continuant": {
        "precision": 0.0,
        "recall": 0.0,
        "f1-score": 0.0,
        "support": 0.0
    },
    "specifically dependent continuant": {
        "precision": 0.0,
        "recall": 0.0,
        "f1-score": 0.0,
        "support": 0.0
    },
    "generically dependent continuant": {
        "precision": 0.7777777777777778,
        "recall": 0.7291666666666666,
        "f1-score": 0.7526881720430108,
        "support": 48.0
    },
    "process": {
        "precision": 1.0,
        "recall": 0.21428571428571427,
        "f1-score": 0.35294117647058826,
        "support": 14.0
    },
    "micro avg": {
        "precision": 0.6785714285714286,
        "recall": 0.6129032258064516,
        "f1-score": 0.6440677966101694,
        "support": 62.0
    },
    "macro avg": {
        "precision": 0.4444444444444444,
        "recall": 0.23586309523809523,
        "f1-score": 0.27640733712839977,
        "support": 62.0
    },
    "weighted avg": {
        "precision": 0.8279569892473119,
        "recall": 0.6129032258064516,
        "f1-score": 0.662422721429883,
        "support": 62.0
    },
    "samples avg": {
        "precision": 0.6129032258064516,
        "recall": 0.6129032258064516,
        "f1-score": 0.6129032258064516,
        "support": 62.0
    }
}