{
    "independent continuant": {
        "precision": 0.9428571428571428,
        "recall": 0.39285714285714285,
        "f1-score": 0.5546218487394958,
        "support": 84.0
    },
    "specifically dependent continuant": {
        "precision": 0.8333333333333334,
        "recall": 0.8064516129032258,
        "f1-score": 0.819672131147541,
        "support": 93.0
    },
    "generically dependent continuant": {
        "precision": 0.6923076923076923,
        "recall": 0.5625,
        "f1-score": 0.6206896551724138,
        "support": 64.0
    },
    "process": {
        "precision": 0.7777777777777778,
        "recall": 0.22580645161290322,
        "f1-score": 0.35,
        "support": 31.0
    },
    "micro avg": {
        "precision": 0.8118279569892473,
        "recall": 0.5551470588235294,
        "f1-score": 0.6593886462882096,
        "support": 272.0
    },
    "macro avg": {
        "precision": 0.8115689865689866,
        "recall": 0.49690380184331795,
        "f1-score": 0.5862459087648627,
        "support": 272.0
    },
    "weighted avg": {
        "precision": 0.8276426596279538,
        "recall": 0.5551470588235294,
        "f1-score": 0.6374701522862994,
        "support": 272.0
    },
    "samples avg": {
        "precision": 0.5551470588235294,
        "recall": 0.5551470588235294,
        "f1-score": 0.5551470588235294,
        "support": 272.0
    }
}