{
    "independent continuant": {
        "precision": 0.26666666666666666,
        "recall": 0.11764705882352941,
        "f1-score": 0.16326530612244897,
        "support": 34.0
    },
    "specifically dependent continuant": {
        "precision": 0.5185185185185185,
        "recall": 0.1794871794871795,
        "f1-score": 0.26666666666666666,
        "support": 78.0
    },
    "generically dependent continuant": {
        "precision": 0.66,
        "recall": 0.7983870967741935,
        "f1-score": 0.7226277372262774,
        "support": 124.0
    },
    "process": {
        "precision": 0.45652173913043476,
        "recall": 0.5121951219512195,
        "f1-score": 0.4827586206896552,
        "support": 41.0
    },
    "micro avg": {
        "precision": 0.5798319327731093,
        "recall": 0.4981949458483754,
        "f1-score": 0.5359223300970873,
        "support": 277.0
    },
    "macro avg": {
        "precision": 0.47542673107890504,
        "recall": 0.4019291142590305,
        "f1-score": 0.40882958267626207,
        "support": 277.0
    },
    "weighted avg": {
        "precision": 0.5417635466262054,
        "recall": 0.4981949458483754,
        "f1-score": 0.49007206957580335,
        "support": 277.0
    },
    "samples avg": {
        "precision": 0.4981949458483754,
        "recall": 0.4981949458483754,
        "f1-score": 0.4981949458483754,
        "support": 277.0
    }
}