{
    "independent continuant": {
        "precision": 0.0,
        "recall": 0.0,
        "f1-score": 0.0,
        "support": 0.0
    },
    "specifically dependent continuant": {
        "precision": 0.0,
        "recall": 0.0,
        "f1-score": 0.0,
        "support": 0.0
    },
    "generically dependent continuant": {
        "precision": 0.0,
        "recall": 0.0,
        "f1-score": 0.0,
        "support": 0.0
    },
    "process": {
        "precision": 1.0,
        "recall": 0.9846153846153847,
        "f1-score": 0.9922480620155039,
        "support": 520.0
    },
    "micro avg": {
        "precision": 0.9846153846153847,
        "recall": 0.9846153846153847,
        "f1-score": 0.9846153846153847,
        "support": 520.0
    },
    "macro avg": {
        "precision": 0.25,
        "recall": 0.24615384615384617,
        "f1-score": 0.24806201550387597,
        "support": 520.0
    },
    "weighted avg": {
        "precision": 1.0,
        "recall": 0.9846153846153847,
        "f1-score": 0.9922480620155039,
        "support": 520.0
    },
    "samples avg": {
        "precision": 0.9846153846153847,
        "recall": 0.9846153846153847,
        "f1-score": 0.9846153846153847,
        "support": 520.0
    }
}