{
    "independent continuant": {
        "precision": 0.0,
        "recall": 0.0,
        "f1-score": 0.0,
        "support": 0.0
    },
    "specifically dependent continuant": {
        "precision": 0.0,
        "recall": 0.0,
        "f1-score": 0.0,
        "support": 3.0
    },
    "generically dependent continuant": {
        "precision": 0.5882352941176471,
        "recall": 0.9090909090909091,
        "f1-score": 0.7142857142857143,
        "support": 11.0
    },
    "process": {
        "precision": 1.0,
        "recall": 0.3076923076923077,
        "f1-score": 0.47058823529411764,
        "support": 13.0
    },
    "micro avg": {
        "precision": 0.6666666666666666,
        "recall": 0.5185185185185185,
        "f1-score": 0.5833333333333334,
        "support": 27.0
    },
    "macro avg": {
        "precision": 0.3970588235294118,
        "recall": 0.30419580419580416,
        "f1-score": 0.296218487394958,
        "support": 27.0
    },
    "weighted avg": {
        "precision": 0.7211328976034858,
        "recall": 0.5185185185185185,
        "f1-score": 0.5175848117024587,
        "support": 27.0
    },
    "samples avg": {
        "precision": 0.5185185185185185,
        "recall": 0.5185185185185185,
        "f1-score": 0.5185185185185185,
        "support": 27.0
    }
}