{
    "independent continuant": {
        "precision": 0.0,
        "recall": 0.0,
        "f1-score": 0.0,
        "support": 0.0
    },
    "specifically dependent continuant": {
        "precision": 0.6206896551724138,
        "recall": 0.08737864077669903,
        "f1-score": 0.15319148936170213,
        "support": 206.0
    },
    "generically dependent continuant": {
        "precision": 0.8592321755027422,
        "recall": 0.2517407605784681,
        "f1-score": 0.38939519469759737,
        "support": 1867.0
    },
    "process": {
        "precision": 0.0,
        "recall": 0.0,
        "f1-score": 0.0,
        "support": 0.0
    },
    "micro avg": {
        "precision": 0.28306264501160094,
        "recall": 0.23540762180414856,
        "f1-score": 0.257045035554385,
        "support": 2073.0
    },
    "macro avg": {
        "precision": 0.369980457668789,
        "recall": 0.08477985033879179,
        "f1-score": 0.13564667101482486,
        "support": 2073.0
    },
    "weighted avg": {
        "precision": 0.8355275159812527,
        "recall": 0.23540762180414854,
        "f1-score": 0.3659229499801857,
        "support": 2073.0
    },
    "samples avg": {
        "precision": 0.23540762180414856,
        "recall": 0.23540762180414856,
        "f1-score": 0.23540762180414856,
        "support": 2073.0
    }
}