{
    "independent continuant": {
        "precision": 0.0,
        "recall": 0.0,
        "f1-score": 0.0,
        "support": 5.0
    },
    "specifically dependent continuant": {
        "precision": 0.5,
        "recall": 0.5,
        "f1-score": 0.5,
        "support": 2.0
    },
    "generically dependent continuant": {
        "precision": 0.8379446640316206,
        "recall": 0.6366366366366366,
        "f1-score": 0.7235494880546075,
        "support": 333.0
    },
    "process": {
        "precision": 0.5299539170506913,
        "recall": 0.7278481012658228,
        "f1-score": 0.6133333333333333,
        "support": 158.0
    },
    "micro avg": {
        "precision": 0.6890756302521008,
        "recall": 0.6586345381526104,
        "f1-score": 0.6735112936344969,
        "support": 498.0
    },
    "macro avg": {
        "precision": 0.46697464527057797,
        "recall": 0.4661211844756148,
        "f1-score": 0.4592207053469852,
        "support": 498.0
    },
    "weighted avg": {
        "precision": 0.7304584177038934,
        "recall": 0.6586345381526104,
        "f1-score": 0.6804189682507048,
        "support": 498.0
    },
    "samples avg": {
        "precision": 0.6586345381526104,
        "recall": 0.6586345381526104,
        "f1-score": 0.6586345381526104,
        "support": 498.0
    }
}