{
    "independent continuant": {
        "precision": 0.8,
        "recall": 0.5161290322580645,
        "f1-score": 0.6274509803921569,
        "support": 31.0
    },
    "specifically dependent continuant": {
        "precision": 0.2765957446808511,
        "recall": 0.65,
        "f1-score": 0.3880597014925373,
        "support": 20.0
    },
    "generically dependent continuant": {
        "precision": 0.9246861924686193,
        "recall": 0.7517006802721088,
        "f1-score": 0.8292682926829268,
        "support": 294.0
    },
    "process": {
        "precision": 0.6235294117647059,
        "recall": 0.5760869565217391,
        "f1-score": 0.5988700564971752,
        "support": 92.0
    },
    "micro avg": {
        "precision": 0.7749360613810742,
        "recall": 0.6933638443935927,
        "f1-score": 0.7318840579710145,
        "support": 437.0
    },
    "macro avg": {
        "precision": 0.6562028372285441,
        "recall": 0.6234791672629781,
        "f1-score": 0.6109122577661991,
        "support": 437.0
    },
    "weighted avg": {
        "precision": 0.8227788589513594,
        "recall": 0.6933638443935927,
        "f1-score": 0.7462542280744353,
        "support": 437.0
    },
    "samples avg": {
        "precision": 0.6933638443935927,
        "recall": 0.6933638443935927,
        "f1-score": 0.6933638443935927,
        "support": 437.0
    }
}