{
    "independent continuant": {
        "precision": 0.993704092339979,
        "recall": 0.8516187050359713,
        "f1-score": 0.9171912832929782,
        "support": 1112.0
    },
    "specifically dependent continuant": {
        "precision": 0.5384615384615384,
        "recall": 0.21875,
        "f1-score": 0.3111111111111111,
        "support": 64.0
    },
    "generically dependent continuant": {
        "precision": 0.43103448275862066,
        "recall": 0.78125,
        "f1-score": 0.5555555555555556,
        "support": 32.0
    },
    "process": {
        "precision": 0.3877551020408163,
        "recall": 0.6,
        "f1-score": 0.47107438016528924,
        "support": 95.0
    },
    "micro avg": {
        "precision": 0.8809121621621622,
        "recall": 0.8004604758250192,
        "f1-score": 0.8387615601125854,
        "support": 1303.0
    },
    "macro avg": {
        "precision": 0.5877388039002387,
        "recall": 0.6129046762589928,
        "f1-score": 0.5637330825312334,
        "support": 1303.0
    },
    "weighted avg": {
        "precision": 0.9133463755070979,
        "recall": 0.8004604758250192,
        "f1-score": 0.846015089813034,
        "support": 1303.0
    },
    "samples avg": {
        "precision": 0.8004604758250192,
        "recall": 0.8004604758250192,
        "f1-score": 0.8004604758250192,
        "support": 1303.0
    }
}