{
    "independent continuant": {
        "precision": 0.0,
        "recall": 0.0,
        "f1-score": 0.0,
        "support": 0.0
    },
    "specifically dependent continuant": {
        "precision": 0.5,
        "recall": 0.3333333333333333,
        "f1-score": 0.4,
        "support": 3.0
    },
    "generically dependent continuant": {
        "precision": 0.0,
        "recall": 0.0,
        "f1-score": 0.0,
        "support": 1.0
    },
    "process": {
        "precision": 0.6,
        "recall": 0.6,
        "f1-score": 0.6,
        "support": 5.0
    },
    "micro avg": {
        "precision": 0.5714285714285714,
        "recall": 0.4444444444444444,
        "f1-score": 0.5,
        "support": 9.0
    },
    "macro avg": {
        "precision": 0.275,
        "recall": 0.23333333333333334,
        "f1-score": 0.25,
        "support": 9.0
    },
    "weighted avg": {
        "precision": 0.5,
        "recall": 0.4444444444444444,
        "f1-score": 0.4666666666666667,
        "support": 9.0
    },
    "samples avg": {
        "precision": 0.4444444444444444,
        "recall": 0.4444444444444444,
        "f1-score": 0.4444444444444444,
        "support": 9.0
    }
}