{
    "independent continuant": {
        "precision": 0.9444444444444444,
        "recall": 0.7727272727272727,
        "f1-score": 0.85,
        "support": 44.0
    },
    "specifically dependent continuant": {
        "precision": 0.9818181818181818,
        "recall": 0.8571428571428571,
        "f1-score": 0.9152542372881356,
        "support": 63.0
    },
    "generically dependent continuant": {
        "precision": 0.76,
        "recall": 0.8636363636363636,
        "f1-score": 0.8085106382978723,
        "support": 22.0
    },
    "process": {
        "precision": 0.8918918918918919,
        "recall": 0.9166666666666666,
        "f1-score": 0.9041095890410958,
        "support": 36.0
    },
    "micro avg": {
        "precision": 0.9150326797385621,
        "recall": 0.8484848484848485,
        "f1-score": 0.8805031446540881,
        "support": 165.0
    },
    "macro avg": {
        "precision": 0.8945386295386295,
        "recall": 0.85254329004329,
        "f1-score": 0.869468616156776,
        "support": 165.0
    },
    "weighted avg": {
        "precision": 0.922655812837631,
        "recall": 0.8484848484848485,
        "f1-score": 0.8811890678617285,
        "support": 165.0
    },
    "samples avg": {
        "precision": 0.8484848484848485,
        "recall": 0.8484848484848485,
        "f1-score": 0.8484848484848485,
        "support": 165.0
    }
}