{
    "independent continuant": {
        "precision": 1.0,
        "recall": 0.9523809523809523,
        "f1-score": 0.975609756097561,
        "support": 21.0
    },
    "specifically dependent continuant": {
        "precision": 0.0,
        "recall": 0.0,
        "f1-score": 0.0,
        "support": 0.0
    },
    "generically dependent continuant": {
        "precision": 0.0,
        "recall": 0.0,
        "f1-score": 0.0,
        "support": 0.0
    },
    "process": {
        "precision": 0.0,
        "recall": 0.0,
        "f1-score": 0.0,
        "support": 0.0
    },
    "micro avg": {
        "precision": 0.9523809523809523,
        "recall": 0.9523809523809523,
        "f1-score": 0.9523809523809523,
        "support": 21.0
    },
    "macro avg": {
        "precision": 0.25,
        "recall": 0.23809523809523808,
        "f1-score": 0.24390243902439024,
        "support": 21.0
    },
    "weighted avg": {
        "precision": 1.0,
        "recall": 0.9523809523809523,
        "f1-score": 0.975609756097561,
        "support": 21.0
    },
    "samples avg": {
        "precision": 0.9523809523809523,
        "recall": 0.9523809523809523,
        "f1-score": 0.9523809523809523,
        "support": 21.0
    }
}