{
    "independent continuant": {
        "precision": 0.0,
        "recall": 0.0,
        "f1-score": 0.0,
        "support": 0.0
    },
    "specifically dependent continuant": {
        "precision": 0.0,
        "recall": 0.0,
        "f1-score": 0.0,
        "support": 0.0
    },
    "generically dependent continuant": {
        "precision": 1.0,
        "recall": 0.75,
        "f1-score": 0.8571428571428571,
        "support": 8.0
    },
    "process": {
        "precision": 1.0,
        "recall": 1.0,
        "f1-score": 1.0,
        "support": 1.0
    },
    "micro avg": {
        "precision": 0.7777777777777778,
        "recall": 0.7777777777777778,
        "f1-score": 0.7777777777777778,
        "support": 9.0
    },
    "macro avg": {
        "precision": 0.5,
        "recall": 0.4375,
        "f1-score": 0.4642857142857143,
        "support": 9.0
    },
    "weighted avg": {
        "precision": 1.0,
        "recall": 0.7777777777777778,
        "f1-score": 0.873015873015873,
        "support": 9.0
    },
    "samples avg": {
        "precision": 0.7777777777777778,
        "recall": 0.7777777777777778,
        "f1-score": 0.7777777777777778,
        "support": 9.0
    }
}