{
    "independent continuant": {
        "precision": 1.0,
        "recall": 1.0,
        "f1-score": 1.0,
        "support": 539.0
    },
    "specifically dependent continuant": {
        "precision": 1.0,
        "recall": 1.0,
        "f1-score": 1.0,
        "support": 1.0
    },
    "generically dependent continuant": {
        "precision": 0.0,
        "recall": 0.0,
        "f1-score": 0.0,
        "support": 0.0
    },
    "process": {
        "precision": 1.0,
        "recall": 0.5,
        "f1-score": 0.6666666666666666,
        "support": 2.0
    },
    "micro avg": {
        "precision": 1.0,
        "recall": 0.9981549815498155,
        "f1-score": 0.9990766389658357,
        "support": 542.0
    },
    "macro avg": {
        "precision": 0.75,
        "recall": 0.625,
        "f1-score": 0.6666666666666666,
        "support": 542.0
    },
    "weighted avg": {
        "precision": 1.0,
        "recall": 0.9981549815498155,
        "f1-score": 0.998769987699877,
        "support": 542.0
    },
    "samples avg": {
        "precision": 0.9981549815498155,
        "recall": 0.9981549815498155,
        "f1-score": 0.9981549815498155,
        "support": 542.0
    }
}