{
    "independent continuant": {
        "precision": 1.0,
        "recall": 0.5714285714285714,
        "f1-score": 0.7272727272727273,
        "support": 7.0
    },
    "specifically dependent continuant": {
        "precision": 0.0,
        "recall": 0.0,
        "f1-score": 0.0,
        "support": 4.0
    },
    "generically dependent continuant": {
        "precision": 1.0,
        "recall": 0.8095238095238095,
        "f1-score": 0.8947368421052632,
        "support": 21.0
    },
    "process": {
        "precision": 0.8571428571428571,
        "recall": 0.75,
        "f1-score": 0.8,
        "support": 8.0
    },
    "micro avg": {
        "precision": 0.9642857142857143,
        "recall": 0.675,
        "f1-score": 0.7941176470588235,
        "support": 40.0
    },
    "macro avg": {
        "precision": 0.7142857142857143,
        "recall": 0.5327380952380952,
        "f1-score": 0.6055023923444975,
        "support": 40.0
    },
    "weighted avg": {
        "precision": 0.8714285714285713,
        "recall": 0.675,
        "f1-score": 0.7570095693779905,
        "support": 40.0
    },
    "samples avg": {
        "precision": 0.675,
        "recall": 0.675,
        "f1-score": 0.675,
        "support": 40.0
    }
}