{
    "independent continuant": {
        "precision": 0.0,
        "recall": 0.0,
        "f1-score": 0.0,
        "support": 0.0
    },
    "specifically dependent continuant": {
        "precision": 1.0,
        "recall": 0.9598189020939445,
        "f1-score": 0.979497545480797,
        "support": 1767.0
    },
    "generically dependent continuant": {
        "precision": 0.0,
        "recall": 0.0,
        "f1-score": 0.0,
        "support": 0.0
    },
    "process": {
        "precision": 0.0,
        "recall": 0.0,
        "f1-score": 0.0,
        "support": 0.0
    },
    "micro avg": {
        "precision": 0.9674843126069596,
        "recall": 0.9598189020939445,
        "f1-score": 0.9636363636363636,
        "support": 1767.0
    },
    "macro avg": {
        "precision": 0.25,
        "recall": 0.23995472552348612,
        "f1-score": 0.24487438637019926,
        "support": 1767.0
    },
    "weighted avg": {
        "precision": 1.0,
        "recall": 0.9598189020939445,
        "f1-score": 0.979497545480797,
        "support": 1767.0
    },
    "samples avg": {
        "precision": 0.9598189020939445,
        "recall": 0.9598189020939445,
        "f1-score": 0.9598189020939445,
        "support": 1767.0
    }
}