{
    "independent continuant": {
        "precision": 0.0,
        "recall": 0.0,
        "f1-score": 0.0,
        "support": 0.0
    },
    "specifically dependent continuant": {
        "precision": 0.0,
        "recall": 0.0,
        "f1-score": 0.0,
        "support": 0.0
    },
    "generically dependent continuant": {
        "precision": 0.0,
        "recall": 0.0,
        "f1-score": 0.0,
        "support": 0.0
    },
    "process": {
        "precision": 1.0,
        "recall": 0.9968847352024922,
        "f1-score": 0.9984399375975039,
        "support": 321.0
    },
    "micro avg": {
        "precision": 0.9968847352024922,
        "recall": 0.9968847352024922,
        "f1-score": 0.9968847352024922,
        "support": 321.0
    },
    "macro avg": {
        "precision": 0.25,
        "recall": 0.24922118380062305,
        "f1-score": 0.24960998439937598,
        "support": 321.0
    },
    "weighted avg": {
        "precision": 1.0,
        "recall": 0.9968847352024922,
        "f1-score": 0.9984399375975038,
        "support": 321.0
    },
    "samples avg": {
        "precision": 0.9968847352024922,
        "recall": 0.9968847352024922,
        "f1-score": 0.9968847352024922,
        "support": 321.0
    }
}