{
    "independent continuant": {
        "precision": 0.9688073394495413,
        "recall": 0.9361702127659575,
        "f1-score": 0.9522091974752029,
        "support": 564.0
    },
    "specifically dependent continuant": {
        "precision": 0.9629629629629629,
        "recall": 0.8387096774193549,
        "f1-score": 0.896551724137931,
        "support": 62.0
    },
    "generically dependent continuant": {
        "precision": 0.0,
        "recall": 0.0,
        "f1-score": 0.0,
        "support": 0.0
    },
    "process": {
        "precision": 0.7870370370370371,
        "recall": 0.8673469387755102,
        "f1-score": 0.8252427184466019,
        "support": 98.0
    },
    "micro avg": {
        "precision": 0.9392655367231638,
        "recall": 0.9185082872928176,
        "f1-score": 0.9287709497206704,
        "support": 724.0
    },
    "macro avg": {
        "precision": 0.6797018348623853,
        "recall": 0.6605567072402057,
        "f1-score": 0.668500910014934,
        "support": 724.0
    },
    "weighted avg": {
        "precision": 0.9437025867166777,
        "recall": 0.9185082872928176,
        "f1-score": 0.9302568793927253,
        "support": 724.0
    },
    "samples avg": {
        "precision": 0.9185082872928176,
        "recall": 0.9185082872928176,
        "f1-score": 0.9185082872928176,
        "support": 724.0
    }
}