{
    "independent continuant": {
        "precision": 1.0,
        "recall": 0.9980952380952381,
        "f1-score": 0.9990467111534795,
        "support": 3675.0
    },
    "specifically dependent continuant": {
        "precision": 0.0,
        "recall": 0.0,
        "f1-score": 0.0,
        "support": 0.0
    },
    "generically dependent continuant": {
        "precision": 0.0,
        "recall": 0.0,
        "f1-score": 0.0,
        "support": 0.0
    },
    "process": {
        "precision": 0.0,
        "recall": 0.0,
        "f1-score": 0.0,
        "support": 0.0
    },
    "micro avg": {
        "precision": 0.9983669025585193,
        "recall": 0.9980952380952381,
        "f1-score": 0.9982310518437882,
        "support": 3675.0
    },
    "macro avg": {
        "precision": 0.25,
        "recall": 0.24952380952380954,
        "f1-score": 0.24976167778836988,
        "support": 3675.0
    },
    "weighted avg": {
        "precision": 1.0,
        "recall": 0.9980952380952381,
        "f1-score": 0.9990467111534795,
        "support": 3675.0
    },
    "samples avg": {
        "precision": 0.9980952380952381,
        "recall": 0.9980952380952381,
        "f1-score": 0.9980952380952381,
        "support": 3675.0
    }
}