{
    "independent continuant": {
        "precision": 0.9859611231101512,
        "recall": 0.9775160599571735,
        "f1-score": 0.9817204301075269,
        "support": 934.0
    },
    "specifically dependent continuant": {
        "precision": 0.0,
        "recall": 0.0,
        "f1-score": 0.0,
        "support": 5.0
    },
    "generically dependent continuant": {
        "precision": 0.8518518518518519,
        "recall": 0.8214285714285714,
        "f1-score": 0.8363636363636363,
        "support": 28.0
    },
    "process": {
        "precision": 0.71875,
        "recall": 0.71875,
        "f1-score": 0.71875,
        "support": 32.0
    },
    "micro avg": {
        "precision": 0.9716312056737588,
        "recall": 0.95995995995996,
        "f1-score": 0.9657603222557906,
        "support": 999.0
    },
    "macro avg": {
        "precision": 0.6391407437405008,
        "recall": 0.6294236578464363,
        "f1-score": 0.6342085166177908,
        "support": 999.0
    },
    "weighted avg": {
        "precision": 0.9687082490858189,
        "recall": 0.95995995995996,
        "f1-score": 0.9643093729115234,
        "support": 999.0
    },
    "samples avg": {
        "precision": 0.95995995995996,
        "recall": 0.95995995995996,
        "f1-score": 0.95995995995996,
        "support": 999.0
    }
}