{
    "independent continuant": {
        "precision": 0.0,
        "recall": 0.0,
        "f1-score": 0.0,
        "support": 1.0
    },
    "specifically dependent continuant": {
        "precision": 1.0,
        "recall": 0.5,
        "f1-score": 0.6666666666666666,
        "support": 2.0
    },
    "generically dependent continuant": {
        "precision": 1.0,
        "recall": 0.8888888888888888,
        "f1-score": 0.9411764705882353,
        "support": 9.0
    },
    "process": {
        "precision": 0.5,
        "recall": 1.0,
        "f1-score": 0.6666666666666666,
        "support": 2.0
    },
    "micro avg": {
        "precision": 0.7857142857142857,
        "recall": 0.7857142857142857,
        "f1-score": 0.7857142857142857,
        "support": 14.0
    },
    "macro avg": {
        "precision": 0.625,
        "recall": 0.5972222222222222,
        "f1-score": 0.5686274509803921,
        "support": 14.0
    },
    "weighted avg": {
        "precision": 0.8571428571428571,
        "recall": 0.7857142857142857,
        "f1-score": 0.7955182072829132,
        "support": 14.0
    },
    "samples avg": {
        "precision": 0.7857142857142857,
        "recall": 0.7857142857142857,
        "f1-score": 0.7857142857142857,
        "support": 14.0
    }
}