{
    "independent continuant": {
        "precision": 0.0,
        "recall": 0.0,
        "f1-score": 0.0,
        "support": 1.0
    },
    "specifically dependent continuant": {
        "precision": 0.8571428571428571,
        "recall": 0.8571428571428571,
        "f1-score": 0.8571428571428571,
        "support": 14.0
    },
    "generically dependent continuant": {
        "precision": 1.0,
        "recall": 0.5789473684210527,
        "f1-score": 0.7333333333333333,
        "support": 19.0
    },
    "process": {
        "precision": 0.0,
        "recall": 0.0,
        "f1-score": 0.0,
        "support": 0.0
    },
    "micro avg": {
        "precision": 0.8518518518518519,
        "recall": 0.6764705882352942,
        "f1-score": 0.7540983606557377,
        "support": 34.0
    },
    "macro avg": {
        "precision": 0.4642857142857143,
        "recall": 0.35902255639097747,
        "f1-score": 0.3976190476190476,
        "support": 34.0
    },
    "weighted avg": {
        "precision": 0.9117647058823529,
        "recall": 0.6764705882352942,
        "f1-score": 0.7627450980392156,
        "support": 34.0
    },
    "samples avg": {
        "precision": 0.6764705882352942,
        "recall": 0.6764705882352942,
        "f1-score": 0.6764705882352942,
        "support": 34.0
    }
}