{
    "independent continuant": {
        "precision": 0.8480725623582767,
        "recall": 0.8947368421052632,
        "f1-score": 0.8707799767171129,
        "support": 836.0
    },
    "specifically dependent continuant": {
        "precision": 0.0,
        "recall": 0.0,
        "f1-score": 0.0,
        "support": 0.0
    },
    "generically dependent continuant": {
        "precision": 0.0,
        "recall": 0.0,
        "f1-score": 0.0,
        "support": 0.0
    },
    "process": {
        "precision": 0.9894397939471989,
        "recall": 0.9804747320061256,
        "f1-score": 0.9849368630216012,
        "support": 7836.0
    },
    "micro avg": {
        "precision": 0.9745694139405849,
        "recall": 0.972209409594096,
        "f1-score": 0.9733879812965421,
        "support": 8672.0
    },
    "macro avg": {
        "precision": 0.4593780890763689,
        "recall": 0.4688028935278472,
        "f1-score": 0.46392920993467857,
        "support": 8672.0
    },
    "weighted avg": {
        "precision": 0.9758116798318461,
        "recall": 0.972209409594096,
        "f1-score": 0.9739318864359748,
        "support": 8672.0
    },
    "samples avg": {
        "precision": 0.972209409594096,
        "recall": 0.972209409594096,
        "f1-score": 0.972209409594096,
        "support": 8672.0
    }
}