{
    "independent continuant": {
        "precision": 0.0,
        "recall": 0.0,
        "f1-score": 0.0,
        "support": 0.0
    },
    "specifically dependent continuant": {
        "precision": 0.0,
        "recall": 0.0,
        "f1-score": 0.0,
        "support": 0.0
    },
    "generically dependent continuant": {
        "precision": 0.0,
        "recall": 0.0,
        "f1-score": 0.0,
        "support": 0.0
    },
    "process": {
        "precision": 1.0,
        "recall": 0.9591836734693877,
        "f1-score": 0.9791666666666666,
        "support": 49.0
    },
    "micro avg": {
        "precision": 0.9591836734693877,
        "recall": 0.9591836734693877,
        "f1-score": 0.9591836734693877,
        "support": 49.0
    },
    "macro avg": {
        "precision": 0.25,
        "recall": 0.23979591836734693,
        "f1-score": 0.24479166666666666,
        "support": 49.0
    },
    "weighted avg": {
        "precision": 1.0,
        "recall": 0.9591836734693877,
        "f1-score": 0.9791666666666666,
        "support": 49.0
    },
    "samples avg": {
        "precision": 0.9591836734693877,
        "recall": 0.9591836734693877,
        "f1-score": 0.9591836734693877,
        "support": 49.0
    }
}