{
    "independent continuant": {
        "precision": 0.0,
        "recall": 0.0,
        "f1-score": 0.0,
        "support": 0.0
    },
    "specifically dependent continuant": {
        "precision": 0.0,
        "recall": 0.0,
        "f1-score": 0.0,
        "support": 1.0
    },
    "generically dependent continuant": {
        "precision": 0.8571428571428571,
        "recall": 0.8571428571428571,
        "f1-score": 0.8571428571428571,
        "support": 7.0
    },
    "process": {
        "precision": 0.6666666666666666,
        "recall": 0.5,
        "f1-score": 0.5714285714285714,
        "support": 4.0
    },
    "micro avg": {
        "precision": 0.8,
        "recall": 0.6666666666666666,
        "f1-score": 0.7272727272727273,
        "support": 12.0
    },
    "macro avg": {
        "precision": 0.38095238095238093,
        "recall": 0.3392857142857143,
        "f1-score": 0.3571428571428571,
        "support": 12.0
    },
    "weighted avg": {
        "precision": 0.7222222222222222,
        "recall": 0.6666666666666666,
        "f1-score": 0.6904761904761904,
        "support": 12.0
    },
    "samples avg": {
        "precision": 0.6666666666666666,
        "recall": 0.6666666666666666,
        "f1-score": 0.6666666666666666,
        "support": 12.0
    }
}