{
    "independent continuant": {
        "precision": 1.0,
        "recall": 0.5,
        "f1-score": 0.6666666666666666,
        "support": 4.0
    },
    "specifically dependent continuant": {
        "precision": 1.0,
        "recall": 1.0,
        "f1-score": 1.0,
        "support": 7.0
    },
    "generically dependent continuant": {
        "precision": 0.8518518518518519,
        "recall": 0.92,
        "f1-score": 0.8846153846153846,
        "support": 25.0
    },
    "process": {
        "precision": 1.0,
        "recall": 0.6666666666666666,
        "f1-score": 0.8,
        "support": 15.0
    },
    "micro avg": {
        "precision": 0.9130434782608695,
        "recall": 0.8235294117647058,
        "f1-score": 0.865979381443299,
        "support": 51.0
    },
    "macro avg": {
        "precision": 0.962962962962963,
        "recall": 0.7716666666666666,
        "f1-score": 0.8378205128205127,
        "support": 51.0
    },
    "weighted avg": {
        "precision": 0.9273783587509078,
        "recall": 0.8235294117647058,
        "f1-score": 0.8584715937657114,
        "support": 51.0
    },
    "samples avg": {
        "precision": 0.8235294117647058,
        "recall": 0.8235294117647058,
        "f1-score": 0.8235294117647058,
        "support": 51.0
    }
}