{
    "independent continuant": {
        "precision": 1.0,
        "recall": 0.5454545454545454,
        "f1-score": 0.7058823529411765,
        "support": 22.0
    },
    "specifically dependent continuant": {
        "precision": 0.9444444444444444,
        "recall": 0.8095238095238095,
        "f1-score": 0.8717948717948718,
        "support": 21.0
    },
    "generically dependent continuant": {
        "precision": 0.0,
        "recall": 0.0,
        "f1-score": 0.0,
        "support": 0.0
    },
    "process": {
        "precision": 0.6,
        "recall": 1.0,
        "f1-score": 0.75,
        "support": 9.0
    },
    "micro avg": {
        "precision": 0.8444444444444444,
        "recall": 0.7307692307692307,
        "f1-score": 0.7835051546391752,
        "support": 52.0
    },
    "macro avg": {
        "precision": 0.6361111111111111,
        "recall": 0.5887445887445888,
        "f1-score": 0.5819193061840121,
        "support": 52.0
    },
    "weighted avg": {
        "precision": 0.9083333333333332,
        "recall": 0.7307692307692307,
        "f1-score": 0.7805212321615037,
        "support": 52.0
    },
    "samples avg": {
        "precision": 0.7307692307692307,
        "recall": 0.7307692307692307,
        "f1-score": 0.7307692307692307,
        "support": 52.0
    }
}