{
    "independent continuant": {
        "precision": 0.0,
        "recall": 0.0,
        "f1-score": 0.0,
        "support": 2.0
    },
    "specifically dependent continuant": {
        "precision": 0.6666666666666666,
        "recall": 1.0,
        "f1-score": 0.8,
        "support": 2.0
    },
    "generically dependent continuant": {
        "precision": 1.0,
        "recall": 1.0,
        "f1-score": 1.0,
        "support": 1.0
    },
    "process": {
        "precision": 1.0,
        "recall": 0.8333333333333334,
        "f1-score": 0.9090909090909091,
        "support": 24.0
    },
    "micro avg": {
        "precision": 0.92,
        "recall": 0.7931034482758621,
        "f1-score": 0.8518518518518519,
        "support": 29.0
    },
    "macro avg": {
        "precision": 0.6666666666666666,
        "recall": 0.7083333333333334,
        "f1-score": 0.6772727272727272,
        "support": 29.0
    },
    "weighted avg": {
        "precision": 0.9080459770114943,
        "recall": 0.7931034482758621,
        "f1-score": 0.8420062695924765,
        "support": 29.0
    },
    "samples avg": {
        "precision": 0.7931034482758621,
        "recall": 0.7931034482758621,
        "f1-score": 0.7931034482758621,
        "support": 29.0
    }
}