{
    "independent continuant": {
        "precision": 0.0,
        "recall": 0.0,
        "f1-score": 0.0,
        "support": 0.0
    },
    "specifically dependent continuant": {
        "precision": 0.0,
        "recall": 0.0,
        "f1-score": 0.0,
        "support": 0.0
    },
    "generically dependent continuant": {
        "precision": 0.0,
        "recall": 0.0,
        "f1-score": 0.0,
        "support": 0.0
    },
    "process": {
        "precision": 1.0,
        "recall": 0.9906542056074766,
        "f1-score": 0.9953051643192489,
        "support": 107.0
    },
    "micro avg": {
        "precision": 0.9906542056074766,
        "recall": 0.9906542056074766,
        "f1-score": 0.9906542056074766,
        "support": 107.0
    },
    "macro avg": {
        "precision": 0.25,
        "recall": 0.24766355140186916,
        "f1-score": 0.24882629107981222,
        "support": 107.0
    },
    "weighted avg": {
        "precision": 1.0,
        "recall": 0.9906542056074766,
        "f1-score": 0.9953051643192489,
        "support": 107.0
    },
    "samples avg": {
        "precision": 0.9906542056074766,
        "recall": 0.9906542056074766,
        "f1-score": 0.9906542056074766,
        "support": 107.0
    }
}