{
    "independent continuant": {
        "precision": 0.0,
        "recall": 0.0,
        "f1-score": 0.0,
        "support": 0.0
    },
    "specifically dependent continuant": {
        "precision": 1.0,
        "recall": 0.5714285714285714,
        "f1-score": 0.7272727272727273,
        "support": 7.0
    },
    "generically dependent continuant": {
        "precision": 0.0,
        "recall": 0.0,
        "f1-score": 0.0,
        "support": 0.0
    },
    "process": {
        "precision": 0.7692307692307693,
        "recall": 1.0,
        "f1-score": 0.8695652173913043,
        "support": 10.0
    },
    "micro avg": {
        "precision": 0.8235294117647058,
        "recall": 0.8235294117647058,
        "f1-score": 0.8235294117647058,
        "support": 17.0
    },
    "macro avg": {
        "precision": 0.4423076923076923,
        "recall": 0.39285714285714285,
        "f1-score": 0.39920948616600793,
        "support": 17.0
    },
    "weighted avg": {
        "precision": 0.8642533936651584,
        "recall": 0.8235294117647058,
        "f1-score": 0.8109741920483607,
        "support": 17.0
    },
    "samples avg": {
        "precision": 0.8235294117647058,
        "recall": 0.8235294117647058,
        "f1-score": 0.8235294117647058,
        "support": 17.0
    }
}