{
    "independent continuant": {
        "precision": 0.0,
        "recall": 0.0,
        "f1-score": 0.0,
        "support": 0.0
    },
    "specifically dependent continuant": {
        "precision": 0.9090909090909091,
        "recall": 0.8333333333333334,
        "f1-score": 0.8695652173913043,
        "support": 12.0
    },
    "generically dependent continuant": {
        "precision": 0.0,
        "recall": 0.0,
        "f1-score": 0.0,
        "support": 0.0
    },
    "process": {
        "precision": 0.9428571428571428,
        "recall": 0.9705882352941176,
        "f1-score": 0.9565217391304348,
        "support": 34.0
    },
    "micro avg": {
        "precision": 0.9347826086956522,
        "recall": 0.9347826086956522,
        "f1-score": 0.9347826086956522,
        "support": 46.0
    },
    "macro avg": {
        "precision": 0.46298701298701295,
        "recall": 0.45098039215686275,
        "f1-score": 0.4565217391304348,
        "support": 46.0
    },
    "weighted avg": {
        "precision": 0.9340485601355166,
        "recall": 0.9347826086956522,
        "f1-score": 0.9338374291115312,
        "support": 46.0
    },
    "samples avg": {
        "precision": 0.9347826086956522,
        "recall": 0.9347826086956522,
        "f1-score": 0.9347826086956522,
        "support": 46.0
    }
}