{
    "independent continuant": {
        "precision": 0.0,
        "recall": 0.0,
        "f1-score": 0.0,
        "support": 0.0
    },
    "specifically dependent continuant": {
        "precision": 0.6666666666666666,
        "recall": 0.5,
        "f1-score": 0.5714285714285714,
        "support": 4.0
    },
    "generically dependent continuant": {
        "precision": 0.0,
        "recall": 0.0,
        "f1-score": 0.0,
        "support": 0.0
    },
    "process": {
        "precision": 0.9900990099009901,
        "recall": 0.9615384615384616,
        "f1-score": 0.975609756097561,
        "support": 104.0
    },
    "micro avg": {
        "precision": 0.9622641509433962,
        "recall": 0.9444444444444444,
        "f1-score": 0.9532710280373832,
        "support": 108.0
    },
    "macro avg": {
        "precision": 0.41419141914191415,
        "recall": 0.3653846153846154,
        "f1-score": 0.3867595818815331,
        "support": 108.0
    },
    "weighted avg": {
        "precision": 0.9781200342256449,
        "recall": 0.9444444444444444,
        "f1-score": 0.9606400825913022,
        "support": 108.0
    },
    "samples avg": {
        "precision": 0.9444444444444444,
        "recall": 0.9444444444444444,
        "f1-score": 0.9444444444444444,
        "support": 108.0
    }
}