{
    "independent continuant": {
        "precision": 0.5,
        "recall": 0.3333333333333333,
        "f1-score": 0.4,
        "support": 3.0
    },
    "specifically dependent continuant": {
        "precision": 0.0,
        "recall": 0.0,
        "f1-score": 0.0,
        "support": 1.0
    },
    "generically dependent continuant": {
        "precision": 0.8571428571428571,
        "recall": 0.8181818181818182,
        "f1-score": 0.8372093023255814,
        "support": 22.0
    },
    "process": {
        "precision": 0.625,
        "recall": 0.7142857142857143,
        "f1-score": 0.6666666666666666,
        "support": 7.0
    },
    "micro avg": {
        "precision": 0.7741935483870968,
        "recall": 0.7272727272727273,
        "f1-score": 0.75,
        "support": 33.0
    },
    "macro avg": {
        "precision": 0.4955357142857143,
        "recall": 0.46645021645021645,
        "f1-score": 0.475968992248062,
        "support": 33.0
    },
    "weighted avg": {
        "precision": 0.7494588744588745,
        "recall": 0.7272727272727273,
        "f1-score": 0.7359173126614986,
        "support": 33.0
    },
    "samples avg": {
        "precision": 0.7272727272727273,
        "recall": 0.7272727272727273,
        "f1-score": 0.7272727272727273,
        "support": 33.0
    }
}