{
    "independent continuant": {
        "precision": 0.8333333333333334,
        "recall": 0.7142857142857143,
        "f1-score": 0.7692307692307693,
        "support": 14.0
    },
    "specifically dependent continuant": {
        "precision": 1.0,
        "recall": 0.5,
        "f1-score": 0.6666666666666666,
        "support": 6.0
    },
    "generically dependent continuant": {
        "precision": 0.978494623655914,
        "recall": 0.875,
        "f1-score": 0.9238578680203046,
        "support": 104.0
    },
    "process": {
        "precision": 0.7307692307692307,
        "recall": 0.95,
        "f1-score": 0.8260869565217391,
        "support": 20.0
    },
    "micro avg": {
        "precision": 0.917910447761194,
        "recall": 0.8541666666666666,
        "f1-score": 0.8848920863309353,
        "support": 144.0
    },
    "macro avg": {
        "precision": 0.8856492969396196,
        "recall": 0.7598214285714286,
        "f1-score": 0.79646056510987,
        "support": 144.0
    },
    "weighted avg": {
        "precision": 0.9308714732101829,
        "recall": 0.8541666666666666,
        "f1-score": 0.8845290845401197,
        "support": 144.0
    },
    "samples avg": {
        "precision": 0.8541666666666666,
        "recall": 0.8541666666666666,
        "f1-score": 0.8541666666666666,
        "support": 144.0
    }
}