{
    "independent continuant": {
        "precision": 0.0,
        "recall": 0.0,
        "f1-score": 0.0,
        "support": 4.0
    },
    "specifically dependent continuant": {
        "precision": 0.2857142857142857,
        "recall": 0.5,
        "f1-score": 0.36363636363636365,
        "support": 4.0
    },
    "generically dependent continuant": {
        "precision": 0.6666666666666666,
        "recall": 1.0,
        "f1-score": 0.8,
        "support": 2.0
    },
    "process": {
        "precision": 0.75,
        "recall": 0.5454545454545454,
        "f1-score": 0.631578947368421,
        "support": 11.0
    },
    "micro avg": {
        "precision": 0.5555555555555556,
        "recall": 0.47619047619047616,
        "f1-score": 0.5128205128205128,
        "support": 21.0
    },
    "macro avg": {
        "precision": 0.4255952380952381,
        "recall": 0.5113636363636364,
        "f1-score": 0.44880382775119615,
        "support": 21.0
    },
    "weighted avg": {
        "precision": 0.5107709750566893,
        "recall": 0.47619047619047616,
        "f1-score": 0.4762816131237183,
        "support": 21.0
    },
    "samples avg": {
        "precision": 0.47619047619047616,
        "recall": 0.47619047619047616,
        "f1-score": 0.47619047619047616,
        "support": 21.0
    }
}