{
    "independent continuant": {
        "precision": 0.9285714285714286,
        "recall": 0.9285714285714286,
        "f1-score": 0.9285714285714286,
        "support": 14.0
    },
    "specifically dependent continuant": {
        "precision": 1.0,
        "recall": 1.0,
        "f1-score": 1.0,
        "support": 6.0
    },
    "generically dependent continuant": {
        "precision": 1.0,
        "recall": 0.8571428571428571,
        "f1-score": 0.9230769230769231,
        "support": 7.0
    },
    "process": {
        "precision": 0.0,
        "recall": 0.0,
        "f1-score": 0.0,
        "support": 0.0
    },
    "micro avg": {
        "precision": 0.9615384615384616,
        "recall": 0.9259259259259259,
        "f1-score": 0.9433962264150944,
        "support": 27.0
    },
    "macro avg": {
        "precision": 0.7321428571428572,
        "recall": 0.6964285714285714,
        "f1-score": 0.7129120879120879,
        "support": 27.0
    },
    "weighted avg": {
        "precision": 0.9629629629629629,
        "recall": 0.9259259259259259,
        "f1-score": 0.943019943019943,
        "support": 27.0
    },
    "samples avg": {
        "precision": 0.9259259259259259,
        "recall": 0.9259259259259259,
        "f1-score": 0.9259259259259259,
        "support": 27.0
    }
}