{
    "independent continuant": {
        "precision": 0.6,
        "recall": 0.42857142857142855,
        "f1-score": 0.5,
        "support": 7.0
    },
    "specifically dependent continuant": {
        "precision": 0.0,
        "recall": 0.0,
        "f1-score": 0.0,
        "support": 2.0
    },
    "generically dependent continuant": {
        "precision": 0.8888888888888888,
        "recall": 0.75,
        "f1-score": 0.8135593220338984,
        "support": 32.0
    },
    "process": {
        "precision": 0.6,
        "recall": 0.6923076923076923,
        "f1-score": 0.6428571428571429,
        "support": 13.0
    },
    "micro avg": {
        "precision": 0.75,
        "recall": 0.6666666666666666,
        "f1-score": 0.7058823529411765,
        "support": 54.0
    },
    "macro avg": {
        "precision": 0.5222222222222223,
        "recall": 0.4677197802197802,
        "f1-score": 0.4891041162227603,
        "support": 54.0
    },
    "weighted avg": {
        "precision": 0.7489711934156378,
        "recall": 0.6666666666666666,
        "f1-score": 0.7016859474486594,
        "support": 54.0
    },
    "samples avg": {
        "precision": 0.6666666666666666,
        "recall": 0.6666666666666666,
        "f1-score": 0.6666666666666666,
        "support": 54.0
    }
}