{
    "independent continuant": {
        "precision": 0.9333333333333333,
        "recall": 0.7368421052631579,
        "f1-score": 0.8235294117647058,
        "support": 19.0
    },
    "specifically dependent continuant": {
        "precision": 0.6896551724137931,
        "recall": 0.9523809523809523,
        "f1-score": 0.8,
        "support": 21.0
    },
    "generically dependent continuant": {
        "precision": 1.0,
        "recall": 0.7142857142857143,
        "f1-score": 0.8333333333333334,
        "support": 14.0
    },
    "process": {
        "precision": 1.0,
        "recall": 0.2857142857142857,
        "f1-score": 0.4444444444444444,
        "support": 7.0
    },
    "micro avg": {
        "precision": 0.8214285714285714,
        "recall": 0.7540983606557377,
        "f1-score": 0.7863247863247863,
        "support": 61.0
    },
    "macro avg": {
        "precision": 0.9057471264367816,
        "recall": 0.6723057644110275,
        "f1-score": 0.725326797385621,
        "support": 61.0
    },
    "weighted avg": {
        "precision": 0.8723949500659507,
        "recall": 0.7540983606557377,
        "f1-score": 0.7741776492017572,
        "support": 61.0
    },
    "samples avg": {
        "precision": 0.7540983606557377,
        "recall": 0.7540983606557377,
        "f1-score": 0.7540983606557377,
        "support": 61.0
    }
}