{
    "independent continuant": {
        "precision": 0.9655172413793104,
        "recall": 0.9655172413793104,
        "f1-score": 0.9655172413793104,
        "support": 29.0
    },
    "specifically dependent continuant": {
        "precision": 0.0,
        "recall": 0.0,
        "f1-score": 0.0,
        "support": 0.0
    },
    "generically dependent continuant": {
        "precision": 0.0,
        "recall": 0.0,
        "f1-score": 0.0,
        "support": 0.0
    },
    "process": {
        "precision": 0.9705882352941176,
        "recall": 0.9705882352941176,
        "f1-score": 0.9705882352941176,
        "support": 34.0
    },
    "micro avg": {
        "precision": 0.9682539682539683,
        "recall": 0.9682539682539683,
        "f1-score": 0.9682539682539683,
        "support": 63.0
    },
    "macro avg": {
        "precision": 0.484026369168357,
        "recall": 0.484026369168357,
        "f1-score": 0.484026369168357,
        "support": 63.0
    },
    "weighted avg": {
        "precision": 0.9682539682539683,
        "recall": 0.9682539682539683,
        "f1-score": 0.9682539682539683,
        "support": 63.0
    },
    "samples avg": {
        "precision": 0.9682539682539683,
        "recall": 0.9682539682539683,
        "f1-score": 0.9682539682539683,
        "support": 63.0
    }
}