{
    "independent continuant": {
        "precision": 0.3333333333333333,
        "recall": 0.125,
        "f1-score": 0.18181818181818182,
        "support": 8.0
    },
    "specifically dependent continuant": {
        "precision": 0.6363636363636364,
        "recall": 0.4117647058823529,
        "f1-score": 0.5,
        "support": 17.0
    },
    "generically dependent continuant": {
        "precision": 0.8275862068965517,
        "recall": 0.8571428571428571,
        "f1-score": 0.8421052631578947,
        "support": 28.0
    },
    "process": {
        "precision": 0.375,
        "recall": 0.3333333333333333,
        "f1-score": 0.35294117647058826,
        "support": 9.0
    },
    "micro avg": {
        "precision": 0.6862745098039216,
        "recall": 0.5645161290322581,
        "f1-score": 0.6194690265486725,
        "support": 62.0
    },
    "macro avg": {
        "precision": 0.5430707941483803,
        "recall": 0.4318102240896358,
        "f1-score": 0.4692161553616662,
        "support": 62.0
    },
    "weighted avg": {
        "precision": 0.6456816496443859,
        "recall": 0.5645161290322581,
        "f1-score": 0.592096184051642,
        "support": 62.0
    },
    "samples avg": {
        "precision": 0.5645161290322581,
        "recall": 0.5645161290322581,
        "f1-score": 0.5645161290322581,
        "support": 62.0
    }
}