{
    "independent continuant": {
        "precision": 1.0,
        "recall": 0.6,
        "f1-score": 0.75,
        "support": 5.0
    },
    "specifically dependent continuant": {
        "precision": 1.0,
        "recall": 0.75,
        "f1-score": 0.8571428571428571,
        "support": 4.0
    },
    "generically dependent continuant": {
        "precision": 0.0,
        "recall": 0.0,
        "f1-score": 0.0,
        "support": 0.0
    },
    "process": {
        "precision": 1.0,
        "recall": 0.6666666666666666,
        "f1-score": 0.8,
        "support": 3.0
    },
    "micro avg": {
        "precision": 0.8888888888888888,
        "recall": 0.6666666666666666,
        "f1-score": 0.7619047619047619,
        "support": 12.0
    },
    "macro avg": {
        "precision": 0.75,
        "recall": 0.5041666666666667,
        "f1-score": 0.6017857142857144,
        "support": 12.0
    },
    "weighted avg": {
        "precision": 1.0,
        "recall": 0.6666666666666666,
        "f1-score": 0.7982142857142858,
        "support": 12.0
    },
    "samples avg": {
        "precision": 0.6666666666666666,
        "recall": 0.6666666666666666,
        "f1-score": 0.6666666666666666,
        "support": 12.0
    }
}