{
    "independent continuant": {
        "precision": 0.5,
        "recall": 0.16666666666666666,
        "f1-score": 0.25,
        "support": 6.0
    },
    "specifically dependent continuant": {
        "precision": 0.0,
        "recall": 0.0,
        "f1-score": 0.0,
        "support": 4.0
    },
    "generically dependent continuant": {
        "precision": 0.8952380952380953,
        "recall": 0.9791666666666666,
        "f1-score": 0.9353233830845771,
        "support": 96.0
    },
    "process": {
        "precision": 0.6666666666666666,
        "recall": 0.3333333333333333,
        "f1-score": 0.4444444444444444,
        "support": 6.0
    },
    "micro avg": {
        "precision": 0.8818181818181818,
        "recall": 0.8660714285714286,
        "f1-score": 0.8738738738738738,
        "support": 112.0
    },
    "macro avg": {
        "precision": 0.5154761904761904,
        "recall": 0.36979166666666663,
        "f1-score": 0.4074419568822554,
        "support": 112.0
    },
    "weighted avg": {
        "precision": 0.8298469387755103,
        "recall": 0.8660714285714286,
        "f1-score": 0.8389081378820186,
        "support": 112.0
    },
    "samples avg": {
        "precision": 0.8660714285714286,
        "recall": 0.8660714285714286,
        "f1-score": 0.8660714285714286,
        "support": 112.0
    }
}