{
    "independent continuant": {
        "precision": 0.0,
        "recall": 0.0,
        "f1-score": 0.0,
        "support": 0.0
    },
    "specifically dependent continuant": {
        "precision": 0.0,
        "recall": 0.0,
        "f1-score": 0.0,
        "support": 0.0
    },
    "generically dependent continuant": {
        "precision": 0.0,
        "recall": 0.0,
        "f1-score": 0.0,
        "support": 0.0
    },
    "process": {
        "precision": 1.0,
        "recall": 0.974025974025974,
        "f1-score": 0.9868421052631579,
        "support": 77.0
    },
    "micro avg": {
        "precision": 0.9868421052631579,
        "recall": 0.974025974025974,
        "f1-score": 0.9803921568627451,
        "support": 77.0
    },
    "macro avg": {
        "precision": 0.25,
        "recall": 0.2435064935064935,
        "f1-score": 0.24671052631578946,
        "support": 77.0
    },
    "weighted avg": {
        "precision": 1.0,
        "recall": 0.974025974025974,
        "f1-score": 0.9868421052631577,
        "support": 77.0
    },
    "samples avg": {
        "precision": 0.974025974025974,
        "recall": 0.974025974025974,
        "f1-score": 0.974025974025974,
        "support": 77.0
    }
}