{
    "independent continuant": {
        "precision": 0.9888475836431226,
        "recall": 0.981549815498155,
        "f1-score": 0.9851851851851852,
        "support": 271.0
    },
    "specifically dependent continuant": {
        "precision": 0.0,
        "recall": 0.0,
        "f1-score": 0.0,
        "support": 0.0
    },
    "generically dependent continuant": {
        "precision": 0.0,
        "recall": 0.0,
        "f1-score": 0.0,
        "support": 0.0
    },
    "process": {
        "precision": 0.9333333333333333,
        "recall": 0.9491525423728814,
        "f1-score": 0.9411764705882353,
        "support": 59.0
    },
    "micro avg": {
        "precision": 0.9787234042553191,
        "recall": 0.9757575757575757,
        "f1-score": 0.9772382397572079,
        "support": 330.0
    },
    "macro avg": {
        "precision": 0.480545229244114,
        "recall": 0.4826755894677591,
        "f1-score": 0.4815904139433551,
        "support": 330.0
    },
    "weighted avg": {
        "precision": 0.9789223085877361,
        "recall": 0.9757575757575757,
        "f1-score": 0.9773169604542152,
        "support": 330.0
    },
    "samples avg": {
        "precision": 0.9757575757575757,
        "recall": 0.9757575757575757,
        "f1-score": 0.9757575757575757,
        "support": 330.0
    }
}