{
    "independent continuant": {
        "precision": 0.6428571428571429,
        "recall": 0.8181818181818182,
        "f1-score": 0.72,
        "support": 11.0
    },
    "specifically dependent continuant": {
        "precision": 1.0,
        "recall": 0.5,
        "f1-score": 0.6666666666666666,
        "support": 14.0
    },
    "generically dependent continuant": {
        "precision": 0.8125,
        "recall": 0.6190476190476191,
        "f1-score": 0.7027027027027027,
        "support": 21.0
    },
    "process": {
        "precision": 0.5454545454545454,
        "recall": 0.75,
        "f1-score": 0.631578947368421,
        "support": 8.0
    },
    "micro avg": {
        "precision": 0.7291666666666666,
        "recall": 0.6481481481481481,
        "f1-score": 0.6862745098039216,
        "support": 54.0
    },
    "macro avg": {
        "precision": 0.750202922077922,
        "recall": 0.6718073593073594,
        "f1-score": 0.6802370791844476,
        "support": 54.0
    },
    "weighted avg": {
        "precision": 0.7869919432419431,
        "recall": 0.6481481481481481,
        "f1-score": 0.6863466975747677,
        "support": 54.0
    },
    "samples avg": {
        "precision": 0.6481481481481481,
        "recall": 0.6481481481481481,
        "f1-score": 0.6481481481481481,
        "support": 54.0
    }
}