{
    "independent continuant": {
        "precision": 0.0,
        "recall": 0.0,
        "f1-score": 0.0,
        "support": 9.0
    },
    "specifically dependent continuant": {
        "precision": 0.5,
        "recall": 0.1,
        "f1-score": 0.16666666666666666,
        "support": 10.0
    },
    "generically dependent continuant": {
        "precision": 0.2857142857142857,
        "recall": 0.13333333333333333,
        "f1-score": 0.18181818181818182,
        "support": 15.0
    },
    "process": {
        "precision": 0.0,
        "recall": 0.0,
        "f1-score": 0.0,
        "support": 9.0
    },
    "micro avg": {
        "precision": 0.3,
        "recall": 0.06976744186046512,
        "f1-score": 0.11320754716981132,
        "support": 43.0
    },
    "macro avg": {
        "precision": 0.19642857142857142,
        "recall": 0.058333333333333334,
        "f1-score": 0.08712121212121213,
        "support": 43.0
    },
    "weighted avg": {
        "precision": 0.21594684385382057,
        "recall": 0.06976744186046512,
        "f1-score": 0.10218463706835801,
        "support": 43.0
    },
    "samples avg": {
        "precision": 0.06976744186046512,
        "recall": 0.06976744186046512,
        "f1-score": 0.06976744186046512,
        "support": 43.0
    }
}