{
    "independent continuant": {
        "precision": 0.8461538461538461,
        "recall": 0.9166666666666666,
        "f1-score": 0.88,
        "support": 12.0
    },
    "specifically dependent continuant": {
        "precision": 0.0,
        "recall": 0.0,
        "f1-score": 0.0,
        "support": 2.0
    },
    "generically dependent continuant": {
        "precision": 0.5714285714285714,
        "recall": 0.8,
        "f1-score": 0.6666666666666666,
        "support": 5.0
    },
    "process": {
        "precision": 0.9459459459459459,
        "recall": 0.8333333333333334,
        "f1-score": 0.8860759493670886,
        "support": 42.0
    },
    "micro avg": {
        "precision": 0.8771929824561403,
        "recall": 0.819672131147541,
        "f1-score": 0.847457627118644,
        "support": 61.0
    },
    "macro avg": {
        "precision": 0.5908820908820909,
        "recall": 0.6375000000000001,
        "f1-score": 0.6081856540084388,
        "support": 61.0
    },
    "weighted avg": {
        "precision": 0.8646019465691596,
        "recall": 0.819672131147541,
        "f1-score": 0.8378446427336239,
        "support": 61.0
    },
    "samples avg": {
        "precision": 0.819672131147541,
        "recall": 0.819672131147541,
        "f1-score": 0.819672131147541,
        "support": 61.0
    }
}