{
    "independent continuant": {
        "precision": 0.0,
        "recall": 0.0,
        "f1-score": 0.0,
        "support": 0.0
    },
    "specifically dependent continuant": {
        "precision": 1.0,
        "recall": 1.0,
        "f1-score": 1.0,
        "support": 1.0
    },
    "generically dependent continuant": {
        "precision": 0.5,
        "recall": 1.0,
        "f1-score": 0.6666666666666666,
        "support": 2.0
    },
    "process": {
        "precision": 1.0,
        "recall": 0.3333333333333333,
        "f1-score": 0.5,
        "support": 3.0
    },
    "micro avg": {
        "precision": 0.6666666666666666,
        "recall": 0.6666666666666666,
        "f1-score": 0.6666666666666666,
        "support": 6.0
    },
    "macro avg": {
        "precision": 0.625,
        "recall": 0.5833333333333334,
        "f1-score": 0.5416666666666666,
        "support": 6.0
    },
    "weighted avg": {
        "precision": 0.8333333333333334,
        "recall": 0.6666666666666666,
        "f1-score": 0.6388888888888888,
        "support": 6.0
    },
    "samples avg": {
        "precision": 0.6666666666666666,
        "recall": 0.6666666666666666,
        "f1-score": 0.6666666666666666,
        "support": 6.0
    }
}