{
    "independent continuant": {
        "precision": 1.0,
        "recall": 0.5714285714285714,
        "f1-score": 0.7272727272727273,
        "support": 7.0
    },
    "specifically dependent continuant": {
        "precision": 0.5,
        "recall": 0.75,
        "f1-score": 0.6,
        "support": 4.0
    },
    "generically dependent continuant": {
        "precision": 0.9344262295081968,
        "recall": 0.8769230769230769,
        "f1-score": 0.9047619047619048,
        "support": 65.0
    },
    "process": {
        "precision": 0.875,
        "recall": 0.7,
        "f1-score": 0.7777777777777778,
        "support": 20.0
    },
    "micro avg": {
        "precision": 0.896551724137931,
        "recall": 0.8125,
        "f1-score": 0.8524590163934426,
        "support": 96.0
    },
    "macro avg": {
        "precision": 0.8273565573770492,
        "recall": 0.7245879120879122,
        "f1-score": 0.7524531024531024,
        "support": 96.0
    },
    "weighted avg": {
        "precision": 0.9087260928961749,
        "recall": 0.8125,
        "f1-score": 0.8526665464165464,
        "support": 96.0
    },
    "samples avg": {
        "precision": 0.8125,
        "recall": 0.8125,
        "f1-score": 0.8125,
        "support": 96.0
    }
}