{
    "independent continuant": {
        "precision": 0.0,
        "recall": 0.0,
        "f1-score": 0.0,
        "support": 0.0
    },
    "specifically dependent continuant": {
        "precision": 1.0,
        "recall": 1.0,
        "f1-score": 1.0,
        "support": 1.0
    },
    "generically dependent continuant": {
        "precision": 0.9891304347826086,
        "recall": 0.91,
        "f1-score": 0.9479166666666666,
        "support": 100.0
    },
    "process": {
        "precision": 0.0,
        "recall": 0.0,
        "f1-score": 0.0,
        "support": 1.0
    },
    "micro avg": {
        "precision": 0.9583333333333334,
        "recall": 0.9019607843137255,
        "f1-score": 0.9292929292929293,
        "support": 102.0
    },
    "macro avg": {
        "precision": 0.49728260869565216,
        "recall": 0.47750000000000004,
        "f1-score": 0.48697916666666663,
        "support": 102.0
    },
    "weighted avg": {
        "precision": 0.9795396419437339,
        "recall": 0.9019607843137255,
        "f1-score": 0.9391339869281045,
        "support": 102.0
    },
    "samples avg": {
        "precision": 0.9019607843137255,
        "recall": 0.9019607843137255,
        "f1-score": 0.9019607843137255,
        "support": 102.0
    }
}