{
    "independent continuant": {
        "precision": 0.0,
        "recall": 0.0,
        "f1-score": 0.0,
        "support": 0.0
    },
    "specifically dependent continuant": {
        "precision": 0.5,
        "recall": 0.25,
        "f1-score": 0.3333333333333333,
        "support": 4.0
    },
    "generically dependent continuant": {
        "precision": 0.8636363636363636,
        "recall": 0.7755102040816326,
        "f1-score": 0.8172043010752689,
        "support": 49.0
    },
    "process": {
        "precision": 0.8387096774193549,
        "recall": 0.65,
        "f1-score": 0.7323943661971831,
        "support": 40.0
    },
    "micro avg": {
        "precision": 0.8227848101265823,
        "recall": 0.6989247311827957,
        "f1-score": 0.7558139534883721,
        "support": 93.0
    },
    "macro avg": {
        "precision": 0.5505865102639297,
        "recall": 0.41887755102040813,
        "f1-score": 0.47073300015144637,
        "support": 93.0
    },
    "weighted avg": {
        "precision": 0.8372749345694196,
        "recall": 0.6989247311827957,
        "f1-score": 0.7599152552033208,
        "support": 93.0
    },
    "samples avg": {
        "precision": 0.6989247311827957,
        "recall": 0.6989247311827957,
        "f1-score": 0.6989247311827957,
        "support": 93.0
    }
}