{
    "independent continuant": {
        "precision": 0.10993004451712547,
        "recall": 0.5792245093346099,
        "f1-score": 0.1847892486255345,
        "support": 4178.0
    },
    "specifically dependent continuant": {
        "precision": 0.0,
        "recall": 0.0,
        "f1-score": 0.0,
        "support": 0.0
    },
    "generically dependent continuant": {
        "precision": 0.0,
        "recall": 0.0,
        "f1-score": 0.0,
        "support": 0.0
    },
    "process": {
        "precision": 0.997332147621165,
        "recall": 0.17174140527296394,
        "f1-score": 0.29302386343842535,
        "support": 39181.0
    },
    "micro avg": {
        "precision": 0.24186427683929468,
        "recall": 0.21100578887889482,
        "f1-score": 0.22538368684255905,
        "support": 43359.0
    },
    "macro avg": {
        "precision": 0.2768155480345726,
        "recall": 0.18774147865189345,
        "f1-score": 0.11945327801598996,
        "support": 43359.0
    },
    "weighted avg": {
        "precision": 0.9118235799242929,
        "recall": 0.21100578887889482,
        "f1-score": 0.2825945587799171,
        "support": 43359.0
    },
    "samples avg": {
        "precision": 0.21100578887889482,
        "recall": 0.21100578887889482,
        "f1-score": 0.21100578887889482,
        "support": 43359.0
    }
}