{
    "independent continuant": {
        "precision": 0.2593741446948271,
        "recall": 0.8197808535178778,
        "f1-score": 0.39406750294545706,
        "support": 3468.0
    },
    "specifically dependent continuant": {
        "precision": 0.0,
        "recall": 0.0,
        "f1-score": 0.0,
        "support": 0.0
    },
    "generically dependent continuant": {
        "precision": 0.0,
        "recall": 0.0,
        "f1-score": 0.0,
        "support": 0.0
    },
    "process": {
        "precision": 0.9842523027293179,
        "recall": 0.7130381303813038,
        "f1-score": 0.8269762299613046,
        "support": 32520.0
    },
    "micro avg": {
        "precision": 0.7374638789733129,
        "recall": 0.7233244414804935,
        "f1-score": 0.7303257301573941,
        "support": 35988.0
    },
    "macro avg": {
        "precision": 0.31090661185603624,
        "recall": 0.38320474597479537,
        "f1-score": 0.3052609332266904,
        "support": 35988.0
    },
    "weighted avg": {
        "precision": 0.9143990891007856,
        "recall": 0.7233244414804935,
        "f1-score": 0.785258783443272,
        "support": 35988.0
    },
    "samples avg": {
        "precision": 0.7233244414804935,
        "recall": 0.7233244414804935,
        "f1-score": 0.7233244414804935,
        "support": 35988.0
    }
}