{
    "independent continuant": {
        "precision": 0.25621397694524495,
        "recall": 0.8105413105413105,
        "f1-score": 0.3893526755166279,
        "support": 3510.0
    },
    "specifically dependent continuant": {
        "precision": 0.0,
        "recall": 0.0,
        "f1-score": 0.0,
        "support": 0.0
    },
    "generically dependent continuant": {
        "precision": 0.0,
        "recall": 0.0,
        "f1-score": 0.0,
        "support": 0.0
    },
    "process": {
        "precision": 0.9846276954177897,
        "recall": 0.7103488089450656,
        "f1-score": 0.8252965264049703,
        "support": 32912.0
    },
    "micro avg": {
        "precision": 0.7349157862287363,
        "recall": 0.7200043929493164,
        "f1-score": 0.7273836765827613,
        "support": 36422.0
    },
    "macro avg": {
        "precision": 0.31021041809075867,
        "recall": 0.380222529871594,
        "f1-score": 0.30366230048039955,
        "support": 36422.0
    },
    "weighted avg": {
        "precision": 0.9144302281771486,
        "recall": 0.7200043929493164,
        "f1-score": 0.783284475539612,
        "support": 36422.0
    },
    "samples avg": {
        "precision": 0.7200043929493164,
        "recall": 0.7200043929493164,
        "f1-score": 0.7200043929493164,
        "support": 36422.0
    }
}