{
    "independent continuant": {
        "precision": 0.2520247322128364,
        "recall": 0.7961485557083906,
        "f1-score": 0.38285487498346343,
        "support": 3635.0
    },
    "specifically dependent continuant": {
        "precision": 0.0,
        "recall": 0.0,
        "f1-score": 0.0,
        "support": 0.0
    },
    "generically dependent continuant": {
        "precision": 0.0,
        "recall": 0.0,
        "f1-score": 0.0,
        "support": 0.0
    },
    "process": {
        "precision": 0.9841101262203341,
        "recall": 0.7067797107401649,
        "f1-score": 0.8227018166917088,
        "support": 34087.0
    },
    "micro avg": {
        "precision": 0.7309119471303595,
        "recall": 0.7153915486983723,
        "f1-score": 0.7230684725962246,
        "support": 37722.0
    },
    "macro avg": {
        "precision": 0.30903371460829265,
        "recall": 0.37573206661213887,
        "f1-score": 0.3013891729187931,
        "support": 37722.0
    },
    "weighted avg": {
        "precision": 0.9135642801035522,
        "recall": 0.7153915486983723,
        "f1-score": 0.7803169051517727,
        "support": 37722.0
    },
    "samples avg": {
        "precision": 0.7153915486983723,
        "recall": 0.7153915486983723,
        "f1-score": 0.7153915486983723,
        "support": 37722.0
    }
}