{
    "independent continuant": {
        "precision": 0.25435039702652473,
        "recall": 0.8007978723404255,
        "f1-score": 0.38607513783818437,
        "support": 3760.0
    },
    "specifically dependent continuant": {
        "precision": 0.0,
        "recall": 0.0,
        "f1-score": 0.0,
        "support": 0.0
    },
    "generically dependent continuant": {
        "precision": 0.0,
        "recall": 0.0,
        "f1-score": 0.0,
        "support": 0.0
    },
    "process": {
        "precision": 0.9841665677077148,
        "recall": 0.7050733062983864,
        "f1-score": 0.8215642864223639,
        "support": 35263.0
    },
    "micro avg": {
        "precision": 0.7306039001887188,
        "recall": 0.7142966968198242,
        "f1-score": 0.7223582766439909,
        "support": 39023.0
    },
    "macro avg": {
        "precision": 0.3096292411835599,
        "recall": 0.376467794659703,
        "f1-score": 0.3019098560651371,
        "support": 39023.0
    },
    "weighted avg": {
        "precision": 0.9138462745021366,
        "recall": 0.7142966968198242,
        "f1-score": 0.7796034121001304,
        "support": 39023.0
    },
    "samples avg": {
        "precision": 0.7142966968198242,
        "recall": 0.7142966968198242,
        "f1-score": 0.7142966968198242,
        "support": 39023.0
    }
}