{
    "independent continuant": {
        "precision": 0.2746067860322485,
        "recall": 0.8203309692671394,
        "f1-score": 0.41147261543022307,
        "support": 3384.0
    },
    "specifically dependent continuant": {
        "precision": 0.0,
        "recall": 0.0,
        "f1-score": 0.0,
        "support": 0.0
    },
    "generically dependent continuant": {
        "precision": 0.0,
        "recall": 0.0,
        "f1-score": 0.0,
        "support": 0.0
    },
    "process": {
        "precision": 0.9836120966379456,
        "recall": 0.7337807606263982,
        "f1-score": 0.8405247866024218,
        "support": 31737.0
    },
    "micro avg": {
        "precision": 0.7554344675670975,
        "recall": 0.742120099086017,
        "f1-score": 0.7487180960314839,
        "support": 35121.0
    },
    "macro avg": {
        "precision": 0.3145547206675485,
        "recall": 0.3885279324733844,
        "f1-score": 0.3129993505081612,
        "support": 35121.0
    },
    "weighted avg": {
        "precision": 0.9152975847763904,
        "recall": 0.742120099086017,
        "f1-score": 0.7991844902769549,
        "support": 35121.0
    },
    "samples avg": {
        "precision": 0.742120099086017,
        "recall": 0.742120099086017,
        "f1-score": 0.742120099086017,
        "support": 35121.0
    }
}