{
    "independent continuant": {
        "precision": 0.2840610205155181,
        "recall": 0.8179339594062406,
        "f1-score": 0.4216773387474621,
        "support": 3301.0
    },
    "specifically dependent continuant": {
        "precision": 0.0,
        "recall": 0.0,
        "f1-score": 0.0,
        "support": 0.0
    },
    "generically dependent continuant": {
        "precision": 0.0,
        "recall": 0.0,
        "f1-score": 0.0,
        "support": 0.0
    },
    "process": {
        "precision": 0.9834686031610423,
        "recall": 0.7438051238975221,
        "f1-score": 0.847009914831779,
        "support": 30953.0
    },
    "micro avg": {
        "precision": 0.7650645410742966,
        "recall": 0.7509487943013955,
        "f1-score": 0.7579409511462077,
        "support": 34254.0
    },
    "macro avg": {
        "precision": 0.31688240591914013,
        "recall": 0.3904347708259407,
        "f1-score": 0.31717181339481026,
        "support": 34254.0
    },
    "weighted avg": {
        "precision": 0.916067878273062,
        "recall": 0.7509487943013955,
        "f1-score": 0.8060213344133073,
        "support": 34254.0
    },
    "samples avg": {
        "precision": 0.7509487943013955,
        "recall": 0.7509487943013955,
        "f1-score": 0.7509487943013955,
        "support": 34254.0
    }
}