{
    "independent continuant": {
        "precision": 0.6038713195201745,
        "recall": 0.8415653495440729,
        "f1-score": 0.7031746031746032,
        "support": 2632.0
    },
    "specifically dependent continuant": {
        "precision": 0.0,
        "recall": 0.0,
        "f1-score": 0.0,
        "support": 0.0
    },
    "generically dependent continuant": {
        "precision": 0.0,
        "recall": 0.0,
        "f1-score": 0.0,
        "support": 0.0
    },
    "process": {
        "precision": 0.9867208789307496,
        "recall": 0.924161400097229,
        "f1-score": 0.9544170867937158,
        "support": 24684.0
    },
    "micro avg": {
        "precision": 0.9254520578338202,
        "recall": 0.9162029579733489,
        "f1-score": 0.9208042826394893,
        "support": 27316.0
    },
    "macro avg": {
        "precision": 0.39764804961273104,
        "recall": 0.44143168741032546,
        "f1-score": 0.41439792249207974,
        "support": 27316.0
    },
    "weighted avg": {
        "precision": 0.949831874670659,
        "recall": 0.9162029579733489,
        "f1-score": 0.930208922461987,
        "support": 27316.0
    },
    "samples avg": {
        "precision": 0.9162029579733489,
        "recall": 0.9162029579733489,
        "f1-score": 0.9162029579733489,
        "support": 27316.0
    }
}