{
    "independent continuant": {
        "precision": 0.19391507856904044,
        "recall": 0.7155193683691093,
        "f1-score": 0.30513468013468015,
        "support": 4053.0
    },
    "specifically dependent continuant": {
        "precision": 0.0,
        "recall": 0.0,
        "f1-score": 0.0,
        "support": 0.0
    },
    "generically dependent continuant": {
        "precision": 0.0,
        "recall": 0.0,
        "f1-score": 0.0,
        "support": 0.0
    },
    "process": {
        "precision": 0.9875389408099688,
        "recall": 0.6088775456506867,
        "f1-score": 0.7533000211591986,
        "support": 38006.0
    },
    "micro avg": {
        "precision": 0.6463871720406086,
        "recall": 0.6191540455075014,
        "f1-score": 0.6324775945401112,
        "support": 42059.0
    },
    "macro avg": {
        "precision": 0.2953635048447523,
        "recall": 0.331099228504949,
        "f1-score": 0.26460867532346966,
        "support": 42059.0
    },
    "weighted avg": {
        "precision": 0.9110616704596874,
        "recall": 0.6191540455075014,
        "f1-score": 0.7101127336066564,
        "support": 42059.0
    },
    "samples avg": {
        "precision": 0.6191540455075014,
        "recall": 0.6191540455075014,
        "f1-score": 0.6191540455075014,
        "support": 42059.0
    }
}