{
    "independent continuant": {
        "precision": 0.28314686979290643,
        "recall": 0.8373812038014784,
        "f1-score": 0.42319665569687803,
        "support": 2841.0
    },
    "specifically dependent continuant": {
        "precision": 0.0,
        "recall": 0.0,
        "f1-score": 0.0,
        "support": 0.0
    },
    "generically dependent continuant": {
        "precision": 0.0,
        "recall": 0.0,
        "f1-score": 0.0,
        "support": 0.0
    },
    "process": {
        "precision": 0.9839311477040943,
        "recall": 0.7423338212663739,
        "f1-score": 0.8462262536368304,
        "support": 26643.0
    },
    "micro avg": {
        "precision": 0.7635079255685734,
        "recall": 0.7514923348256681,
        "f1-score": 0.7574524818815808,
        "support": 29484.0
    },
    "macro avg": {
        "precision": 0.31676950437425017,
        "recall": 0.3949287562669631,
        "f1-score": 0.3173557273334271,
        "support": 29484.0
    },
    "weighted avg": {
        "precision": 0.916405434315623,
        "recall": 0.7514923348256681,
        "f1-score": 0.8054642441487214,
        "support": 29484.0
    },
    "samples avg": {
        "precision": 0.7514923348256681,
        "recall": 0.7514923348256681,
        "f1-score": 0.7514923348256681,
        "support": 29484.0
    }
}