{
    "independent continuant": {
        "precision": 0.7305825242718447,
        "recall": 0.8547667342799189,
        "f1-score": 0.7878108057580856,
        "support": 2465.0
    },
    "specifically dependent continuant": {
        "precision": 0.0,
        "recall": 0.0,
        "f1-score": 0.0,
        "support": 0.0
    },
    "generically dependent continuant": {
        "precision": 0.0,
        "recall": 0.0,
        "f1-score": 0.0,
        "support": 0.0
    },
    "process": {
        "precision": 0.9881585414897895,
        "recall": 0.9566120171302505,
        "f1-score": 0.9721294179708106,
        "support": 23117.0
    },
    "micro avg": {
        "precision": 0.9539582512800315,
        "recall": 0.9467985302165585,
        "f1-score": 0.9503649062230244,
        "support": 25582.0
    },
    "macro avg": {
        "precision": 0.42968526644040855,
        "recall": 0.45284468785254234,
        "f1-score": 0.43998505593222403,
        "support": 25582.0
    },
    "weighted avg": {
        "precision": 0.9633393372664202,
        "recall": 0.9467985302165585,
        "f1-score": 0.9543690638505555,
        "support": 25582.0
    },
    "samples avg": {
        "precision": 0.9467985302165585,
        "recall": 0.9467985302165585,
        "f1-score": 0.9467985302165585,
        "support": 25582.0
    }
}