{
    "independent continuant": {
        "precision": 0.8072562358276644,
        "recall": 0.8695652173913043,
        "f1-score": 0.8372530573847601,
        "support": 2047.0
    },
    "specifically dependent continuant": {
        "precision": 0.0,
        "recall": 0.0,
        "f1-score": 0.0,
        "support": 0.0
    },
    "generically dependent continuant": {
        "precision": 0.0,
        "recall": 0.0,
        "f1-score": 0.0,
        "support": 0.0
    },
    "process": {
        "precision": 0.9884747554850648,
        "recall": 0.973852804833585,
        "f1-score": 0.9811093036679436,
        "support": 19199.0
    },
    "micro avg": {
        "precision": 0.9682712313221108,
        "recall": 0.9638049515202862,
        "f1-score": 0.9660329291880927,
        "support": 21246.0
    },
    "macro avg": {
        "precision": 0.44893274782818227,
        "recall": 0.4608545055562223,
        "f1-score": 0.45459059026317594,
        "support": 21246.0
    },
    "weighted avg": {
        "precision": 0.9710147955048946,
        "recall": 0.9638049515202862,
        "f1-score": 0.9672491071066295,
        "support": 21246.0
    },
    "samples avg": {
        "precision": 0.9638049515202862,
        "recall": 0.9638049515202862,
        "f1-score": 0.9638049515202862,
        "support": 21246.0
    }
}