{
    "independent continuant": {
        "precision": 0.8125786163522013,
        "recall": 0.8837209302325582,
        "f1-score": 0.8466579292267365,
        "support": 1462.0
    },
    "specifically dependent continuant": {
        "precision": 0.0,
        "recall": 0.0,
        "f1-score": 0.0,
        "support": 0.0
    },
    "generically dependent continuant": {
        "precision": 0.0,
        "recall": 0.0,
        "f1-score": 0.0,
        "support": 0.0
    },
    "process": {
        "precision": 0.9886934673366834,
        "recall": 0.975643549916138,
        "f1-score": 0.9821251605799229,
        "support": 13713.0
    },
    "micro avg": {
        "precision": 0.9697911158117398,
        "recall": 0.9667874794069192,
        "f1-score": 0.9682869682869683,
        "support": 15175.0
    },
    "macro avg": {
        "precision": 0.4503180209222212,
        "recall": 0.46484112003717404,
        "f1-score": 0.4571957724516649,
        "support": 15175.0
    },
    "weighted avg": {
        "precision": 0.9717260925663828,
        "recall": 0.9667874794069192,
        "f1-score": 0.9690738859678399,
        "support": 15175.0
    },
    "samples avg": {
        "precision": 0.9667874794069192,
        "recall": 0.9667874794069192,
        "f1-score": 0.9667874794069192,
        "support": 15175.0
    }
}