{
    "independent continuant": {
        "precision": 0.24146416487234698,
        "recall": 0.8080288214101904,
        "f1-score": 0.37181764357608055,
        "support": 3886.0
    },
    "specifically dependent continuant": {
        "precision": 0.0,
        "recall": 0.0,
        "f1-score": 0.0,
        "support": 0.0
    },
    "generically dependent continuant": {
        "precision": 0.0,
        "recall": 0.0,
        "f1-score": 0.0,
        "support": 0.0
    },
    "process": {
        "precision": 0.9896100770218228,
        "recall": 0.6770130083978264,
        "f1-score": 0.8039956979434866,
        "support": 36438.0
    },
    "micro avg": {
        "precision": 0.7091238270093839,
        "recall": 0.6896389247098502,
        "f1-score": 0.6992456625597184,
        "support": 40324.0
    },
    "macro avg": {
        "precision": 0.30776856047354245,
        "recall": 0.3712604574520042,
        "f1-score": 0.29395333537989177,
        "support": 40324.0
    },
    "weighted avg": {
        "precision": 0.9175116985223469,
        "recall": 0.6896389247098502,
        "f1-score": 0.7623469547813068,
        "support": 40324.0
    },
    "samples avg": {
        "precision": 0.6896389247098502,
        "recall": 0.6896389247098502,
        "f1-score": 0.6896389247098502,
        "support": 40324.0
    }
}