{
    "independent continuant": {
        "precision": 0.8643410852713178,
        "recall": 0.8884462151394422,
        "f1-score": 0.8762278978388998,
        "support": 251.0
    },
    "specifically dependent continuant": {
        "precision": 0.0,
        "recall": 0.0,
        "f1-score": 0.0,
        "support": 0.0
    },
    "generically dependent continuant": {
        "precision": 0.0,
        "recall": 0.0,
        "f1-score": 0.0,
        "support": 0.0
    },
    "process": {
        "precision": 0.9880392994446817,
        "recall": 0.9838366652488303,
        "f1-score": 0.9859335038363172,
        "support": 2351.0
    },
    "micro avg": {
        "precision": 0.9757599076567911,
        "recall": 0.9746348962336664,
        "f1-score": 0.975197077485099,
        "support": 2602.0
    },
    "macro avg": {
        "precision": 0.4630950961789999,
        "recall": 0.4680707200970681,
        "f1-score": 0.46554035041880426,
        "support": 2602.0
    },
    "weighted avg": {
        "precision": 0.9761068429660058,
        "recall": 0.9746348962336664,
        "f1-score": 0.9753508339264971,
        "support": 2602.0
    },
    "samples avg": {
        "precision": 0.9746348962336664,
        "recall": 0.9746348962336664,
        "f1-score": 0.9746348962336664,
        "support": 2602.0
    }
}