{
    "independent continuant": {
        "precision": 0.7450980392156863,
        "recall": 0.9047619047619048,
        "f1-score": 0.8172043010752689,
        "support": 42.0
    },
    "specifically dependent continuant": {
        "precision": 0.0,
        "recall": 0.0,
        "f1-score": 0.0,
        "support": 0.0
    },
    "generically dependent continuant": {
        "precision": 0.0,
        "recall": 0.0,
        "f1-score": 0.0,
        "support": 0.0
    },
    "process": {
        "precision": 0.9895561357702349,
        "recall": 0.9668367346938775,
        "f1-score": 0.9780645161290322,
        "support": 392.0
    },
    "micro avg": {
        "precision": 0.9608294930875576,
        "recall": 0.9608294930875576,
        "f1-score": 0.9608294930875576,
        "support": 434.0
    },
    "macro avg": {
        "precision": 0.4336635437464803,
        "recall": 0.46789965986394555,
        "f1-score": 0.4488172043010753,
        "support": 434.0
    },
    "weighted avg": {
        "precision": 0.9658989006197948,
        "recall": 0.9608294930875576,
        "f1-score": 0.9624973985431841,
        "support": 434.0
    },
    "samples avg": {
        "precision": 0.9608294930875576,
        "recall": 0.9608294930875576,
        "f1-score": 0.9608294930875576,
        "support": 434.0
    }
}