{
    "independent continuant": {
        "precision": 0.8142076502732241,
        "recall": 0.8922155688622755,
        "f1-score": 0.8514285714285714,
        "support": 167.0
    },
    "specifically dependent continuant": {
        "precision": 0.0,
        "recall": 0.0,
        "f1-score": 0.0,
        "support": 0.0
    },
    "generically dependent continuant": {
        "precision": 0.0,
        "recall": 0.0,
        "f1-score": 0.0,
        "support": 0.0
    },
    "process": {
        "precision": 0.9883645765998708,
        "recall": 0.9757498404594767,
        "f1-score": 0.9820166987797045,
        "support": 1567.0
    },
    "micro avg": {
        "precision": 0.9699421965317919,
        "recall": 0.9677047289504037,
        "f1-score": 0.9688221709006929,
        "support": 1734.0
    },
    "macro avg": {
        "precision": 0.4506430567182737,
        "recall": 0.46699135233043804,
        "f1-score": 0.458361317552069,
        "support": 1734.0
    },
    "weighted avg": {
        "precision": 0.9715916776975928,
        "recall": 0.9677047289504037,
        "f1-score": 0.9694398722124385,
        "support": 1734.0
    },
    "samples avg": {
        "precision": 0.9677047289504037,
        "recall": 0.9677047289504037,
        "f1-score": 0.9677047289504037,
        "support": 1734.0
    }
}