{
    "independent continuant": {
        "precision": 0.8103448275862069,
        "recall": 0.8995215311004785,
        "f1-score": 0.8526077097505669,
        "support": 418.0
    },
    "specifically dependent continuant": {
        "precision": 0.0,
        "recall": 0.0,
        "f1-score": 0.0,
        "support": 0.0
    },
    "generically dependent continuant": {
        "precision": 0.0,
        "recall": 0.0,
        "f1-score": 0.0,
        "support": 0.0
    },
    "process": {
        "precision": 0.9891304347826086,
        "recall": 0.9754977029096478,
        "f1-score": 0.9822667694680031,
        "support": 3918.0
    },
    "micro avg": {
        "precision": 0.9697389697389698,
        "recall": 0.9681734317343174,
        "f1-score": 0.9689555683785344,
        "support": 4336.0
    },
    "macro avg": {
        "precision": 0.4498688155922039,
        "recall": 0.4687548085025316,
        "f1-score": 0.45871861980464246,
        "support": 4336.0
    },
    "weighted avg": {
        "precision": 0.9718951064135829,
        "recall": 0.9681734317343174,
        "f1-score": 0.9697673490432133,
        "support": 4336.0
    },
    "samples avg": {
        "precision": 0.9681734317343174,
        "recall": 0.9681734317343174,
        "f1-score": 0.9681734317343174,
        "support": 4336.0
    }
}