{
    "independent continuant": {
        "precision": 0.9975206412632693,
        "recall": 0.9683147957753061,
        "f1-score": 0.9827007671421288,
        "support": 42796.0
    },
    "specifically dependent continuant": {
        "precision": 0.9839743589743589,
        "recall": 0.4830841856805665,
        "f1-score": 0.6480211081794195,
        "support": 1271.0
    },
    "generically dependent continuant": {
        "precision": 0.0,
        "recall": 0.0,
        "f1-score": 0.0,
        "support": 0.0
    },
    "process": {
        "precision": 0.0,
        "recall": 0.0,
        "f1-score": 0.0,
        "support": 0.0
    },
    "micro avg": {
        "precision": 0.9583646680795789,
        "recall": 0.9543195588535639,
        "f1-score": 0.9563378359939965,
        "support": 44067.0
    },
    "macro avg": {
        "precision": 0.4953737500594071,
        "recall": 0.36284974536396813,
        "f1-score": 0.4076804688303871,
        "support": 44067.0
    },
    "weighted avg": {
        "precision": 0.9971299333687178,
        "recall": 0.9543195588535639,
        "f1-score": 0.9730477876667482,
        "support": 44067.0
    },
    "samples avg": {
        "precision": 0.9543195588535639,
        "recall": 0.9543195588535639,
        "f1-score": 0.9543195588535639,
        "support": 44067.0
    }
}