{
    "independent continuant": {
        "precision": 0.9975678680626332,
        "recall": 0.9516307229980555,
        "f1-score": 0.9740579906816845,
        "support": 45256.0
    },
    "specifically dependent continuant": {
        "precision": 0.9867768595041322,
        "recall": 0.44419642857142855,
        "f1-score": 0.6126218573627501,
        "support": 1344.0
    },
    "generically dependent continuant": {
        "precision": 0.0,
        "recall": 0.0,
        "f1-score": 0.0,
        "support": 0.0
    },
    "process": {
        "precision": 0.0,
        "recall": 0.0,
        "f1-score": 0.0,
        "support": 0.0
    },
    "micro avg": {
        "precision": 0.9416839199447895,
        "recall": 0.9369957081545064,
        "f1-score": 0.9393339643748386,
        "support": 46600.0
    },
    "macro avg": {
        "precision": 0.49608618189169135,
        "recall": 0.348956787892371,
        "f1-score": 0.39666996201110866,
        "support": 46600.0
    },
    "weighted avg": {
        "precision": 0.9972566424080704,
        "recall": 0.9369957081545064,
        "f1-score": 0.9636337382529152,
        "support": 46600.0
    },
    "samples avg": {
        "precision": 0.9369957081545064,
        "recall": 0.9369957081545064,
        "f1-score": 0.9369957081545064,
        "support": 46600.0
    }
}