{
    "independent continuant": {
        "precision": 1.0,
        "recall": 0.9979674796747967,
        "f1-score": 0.9989827060020345,
        "support": 492.0
    },
    "specifically dependent continuant": {
        "precision": 1.0,
        "recall": 0.8,
        "f1-score": 0.8888888888888888,
        "support": 15.0
    },
    "generically dependent continuant": {
        "precision": 0.0,
        "recall": 0.0,
        "f1-score": 0.0,
        "support": 0.0
    },
    "process": {
        "precision": 0.0,
        "recall": 0.0,
        "f1-score": 0.0,
        "support": 0.0
    },
    "micro avg": {
        "precision": 0.9921104536489151,
        "recall": 0.9921104536489151,
        "f1-score": 0.9921104536489151,
        "support": 507.0
    },
    "macro avg": {
        "precision": 0.5,
        "recall": 0.44949186991869916,
        "f1-score": 0.4719678987227308,
        "support": 507.0
    },
    "weighted avg": {
        "precision": 1.0,
        "recall": 0.9921104536489151,
        "f1-score": 0.995725492477977,
        "support": 507.0
    },
    "samples avg": {
        "precision": 0.9921104536489151,
        "recall": 0.9921104536489151,
        "f1-score": 0.9921104536489151,
        "support": 507.0
    }
}