{
    "independent continuant": {
        "precision": 0.9990673381831748,
        "recall": 0.9898355202365552,
        "f1-score": 0.9944300037133309,
        "support": 5411.0
    },
    "specifically dependent continuant": {
        "precision": 0.9743589743589743,
        "recall": 0.7080745341614907,
        "f1-score": 0.8201438848920863,
        "support": 161.0
    },
    "generically dependent continuant": {
        "precision": 0.0,
        "recall": 0.0,
        "f1-score": 0.0,
        "support": 0.0
    },
    "process": {
        "precision": 0.0,
        "recall": 0.0,
        "f1-score": 0.0,
        "support": 0.0
    },
    "micro avg": {
        "precision": 0.9843440705416592,
        "recall": 0.9816941852117731,
        "f1-score": 0.9830173420792524,
        "support": 5572.0
    },
    "macro avg": {
        "precision": 0.4933565781355373,
        "recall": 0.42447751359951147,
        "f1-score": 0.4536434721513543,
        "support": 5572.0
    },
    "weighted avg": {
        "precision": 0.9983534030475509,
        "recall": 0.9816941852117731,
        "f1-score": 0.9893940982700036,
        "support": 5572.0
    },
    "samples avg": {
        "precision": 0.9816941852117731,
        "recall": 0.9816941852117731,
        "f1-score": 0.9816941852117731,
        "support": 5572.0
    }
}