{
    "independent continuant": {
        "precision": 0.9975498358627908,
        "recall": 0.8788640888609452,
        "f1-score": 0.9344534444531102,
        "support": 47715.0
    },
    "specifically dependent continuant": {
        "precision": 0.9592274678111588,
        "recall": 0.31545518701482006,
        "f1-score": 0.4747742963356346,
        "support": 1417.0
    },
    "generically dependent continuant": {
        "precision": 0.0,
        "recall": 0.0,
        "f1-score": 0.0,
        "support": 0.0
    },
    "process": {
        "precision": 0.0,
        "recall": 0.0,
        "f1-score": 0.0,
        "support": 0.0
    },
    "micro avg": {
        "precision": 0.8684658101268417,
        "recall": 0.8626149963363999,
        "f1-score": 0.8655305157607752,
        "support": 49132.0
    },
    "macro avg": {
        "precision": 0.4891943259184874,
        "recall": 0.2985798189689413,
        "f1-score": 0.3523069351971862,
        "support": 49132.0
    },
    "weighted avg": {
        "precision": 0.9964445929349808,
        "recall": 0.8626149963363999,
        "f1-score": 0.921195987950577,
        "support": 49132.0
    },
    "samples avg": {
        "precision": 0.8626149963363999,
        "recall": 0.8626149963363999,
        "f1-score": 0.8626149963363999,
        "support": 49132.0
    }
}