{
    "independent continuant": {
        "precision": 0.9992108585858586,
        "recall": 0.9899921813917123,
        "f1-score": 0.9945801586678187,
        "support": 6395.0
    },
    "specifically dependent continuant": {
        "precision": 0.9858156028368794,
        "recall": 0.7315789473684211,
        "f1-score": 0.8398791540785498,
        "support": 190.0
    },
    "generically dependent continuant": {
        "precision": 0.0,
        "recall": 0.0,
        "f1-score": 0.0,
        "support": 0.0
    },
    "process": {
        "precision": 0.0,
        "recall": 0.0,
        "f1-score": 0.0,
        "support": 0.0
    },
    "micro avg": {
        "precision": 0.984779299847793,
        "recall": 0.982536066818527,
        "f1-score": 0.98365640440897,
        "support": 6585.0
    },
    "macro avg": {
        "precision": 0.4962566153556845,
        "recall": 0.43039278219003335,
        "f1-score": 0.45861482818659216,
        "support": 6585.0
    },
    "weighted avg": {
        "precision": 0.9988243591792821,
        "recall": 0.982536066818527,
        "f1-score": 0.9901165002210516,
        "support": 6585.0
    },
    "samples avg": {
        "precision": 0.982536066818527,
        "recall": 0.982536066818527,
        "f1-score": 0.982536066818527,
        "support": 6585.0
    }
}