{
    "independent continuant": {
        "precision": 0.997905266757866,
        "recall": 0.9886074877181095,
        "f1-score": 0.9932346183303549,
        "support": 23612.0
    },
    "specifically dependent continuant": {
        "precision": 0.9927536231884058,
        "recall": 0.5863052781740371,
        "f1-score": 0.737219730941704,
        "support": 701.0
    },
    "generically dependent continuant": {
        "precision": 0.0,
        "recall": 0.0,
        "f1-score": 0.0,
        "support": 0.0
    },
    "process": {
        "precision": 0.0,
        "recall": 0.0,
        "f1-score": 0.0,
        "support": 0.0
    },
    "micro avg": {
        "precision": 0.9806382363869051,
        "recall": 0.9770081849216469,
        "f1-score": 0.9788198450634581,
        "support": 24313.0
    },
    "macro avg": {
        "precision": 0.4976647224865679,
        "recall": 0.3937281914730366,
        "f1-score": 0.4326135873180147,
        "support": 24313.0
    },
    "weighted avg": {
        "precision": 0.9977567329635093,
        "recall": 0.9770081849216469,
        "f1-score": 0.985853117237958,
        "support": 24313.0
    },
    "samples avg": {
        "precision": 0.9770081849216469,
        "recall": 0.9770081849216469,
        "f1-score": 0.9770081849216469,
        "support": 24313.0
    }
}