{
    "independent continuant": {
        "precision": 0.9980210077637388,
        "recall": 0.9872378872868275,
        "f1-score": 0.9926001627585684,
        "support": 26563.0
    },
    "specifically dependent continuant": {
        "precision": 0.9809322033898306,
        "recall": 0.5868187579214195,
        "f1-score": 0.7343378271213322,
        "support": 789.0
    },
    "generically dependent continuant": {
        "precision": 0.0,
        "recall": 0.0,
        "f1-score": 0.0,
        "support": 0.0
    },
    "process": {
        "precision": 0.0,
        "recall": 0.0,
        "f1-score": 0.0,
        "support": 0.0
    },
    "micro avg": {
        "precision": 0.9795191778307947,
        "recall": 0.97568733547821,
        "f1-score": 0.9775995018041285,
        "support": 27352.0
    },
    "macro avg": {
        "precision": 0.49473830278839237,
        "recall": 0.39351416130206174,
        "f1-score": 0.43173449746997516,
        "support": 27352.0
    },
    "weighted avg": {
        "precision": 0.9975280614837223,
        "recall": 0.97568733547821,
        "f1-score": 0.9851502876921097,
        "support": 27352.0
    },
    "samples avg": {
        "precision": 0.97568733547821,
        "recall": 0.97568733547821,
        "f1-score": 0.97568733547821,
        "support": 27352.0
    }
}