{
    "independent continuant": {
        "precision": 0.9977537653985293,
        "recall": 0.9638647784376427,
        "f1-score": 0.9805165382872678,
        "support": 43780.0
    },
    "specifically dependent continuant": {
        "precision": 0.9889415481832543,
        "recall": 0.4815384615384615,
        "f1-score": 0.6476978789446456,
        "support": 1300.0
    },
    "generically dependent continuant": {
        "precision": 0.0,
        "recall": 0.0,
        "f1-score": 0.0,
        "support": 0.0
    },
    "process": {
        "precision": 0.0,
        "recall": 0.0,
        "f1-score": 0.0,
        "support": 0.0
    },
    "micro avg": {
        "precision": 0.9540613999910885,
        "recall": 0.9499556344276842,
        "f1-score": 0.952004090434164,
        "support": 45080.0
    },
    "macro avg": {
        "precision": 0.49667382839544594,
        "recall": 0.3613508099940261,
        "f1-score": 0.4070536043079783,
        "support": 45080.0
    },
    "weighted avg": {
        "precision": 0.9974996420094465,
        "recall": 0.9499556344276842,
        "f1-score": 0.9709188395928267,
        "support": 45080.0
    },
    "samples avg": {
        "precision": 0.9499556344276842,
        "recall": 0.9499556344276842,
        "f1-score": 0.9499556344276842,
        "support": 45080.0
    }
}