{
    "independent continuant": {
        "precision": 0.9992024609775549,
        "recall": 0.9905127625931782,
        "f1-score": 0.9948386364925416,
        "support": 8854.0
    },
    "specifically dependent continuant": {
        "precision": 0.9842105263157894,
        "recall": 0.7110266159695817,
        "f1-score": 0.82560706401766,
        "support": 263.0
    },
    "generically dependent continuant": {
        "precision": 0.0,
        "recall": 0.0,
        "f1-score": 0.0,
        "support": 0.0
    },
    "process": {
        "precision": 0.0,
        "recall": 0.0,
        "f1-score": 0.0,
        "support": 0.0
    },
    "micro avg": {
        "precision": 0.9853685368536854,
        "recall": 0.9824503674454316,
        "f1-score": 0.9839072884055583,
        "support": 9117.0
    },
    "macro avg": {
        "precision": 0.4958532468233361,
        "recall": 0.42538484464069,
        "f1-score": 0.45511142512755043,
        "support": 9117.0
    },
    "weighted avg": {
        "precision": 0.9987699855123753,
        "recall": 0.9824503674454316,
        "f1-score": 0.9899567780346175,
        "support": 9117.0
    },
    "samples avg": {
        "precision": 0.9824503674454316,
        "recall": 0.9824503674454316,
        "f1-score": 0.9824503674454316,
        "support": 9117.0
    }
}