{
    "independent continuant": {
        "precision": 0.9972859917334794,
        "recall": 0.8308544402265231,
        "f1-score": 0.9064943588815082,
        "support": 48207.0
    },
    "specifically dependent continuant": {
        "precision": 0.9586956521739131,
        "recall": 0.3079608938547486,
        "f1-score": 0.46617336152219874,
        "support": 1432.0
    },
    "generically dependent continuant": {
        "precision": 0.0,
        "recall": 0.0,
        "f1-score": 0.0,
        "support": 0.0
    },
    "process": {
        "precision": 0.0,
        "recall": 0.0,
        "f1-score": 0.0,
        "support": 0.0
    },
    "micro avg": {
        "precision": 0.8207965947096382,
        "recall": 0.8157698583774854,
        "f1-score": 0.818275506698729,
        "support": 49639.0
    },
    "macro avg": {
        "precision": 0.4889954109768481,
        "recall": 0.2847038335203179,
        "f1-score": 0.34316693010092675,
        "support": 49639.0
    },
    "weighted avg": {
        "precision": 0.9961727266344788,
        "recall": 0.8157698583774854,
        "f1-score": 0.8937918534277615,
        "support": 49639.0
    },
    "samples avg": {
        "precision": 0.8157698583774854,
        "recall": 0.8157698583774854,
        "f1-score": 0.8157698583774854,
        "support": 49639.0
    }
}