{
    "independent continuant": {
        "precision": 0.9976193408036778,
        "recall": 0.9881688079362498,
        "f1-score": 0.9928715864294614,
        "support": 24596.0
    },
    "specifically dependent continuant": {
        "precision": 0.9906542056074766,
        "recall": 0.5800273597811217,
        "f1-score": 0.731665228645384,
        "support": 731.0
    },
    "generically dependent continuant": {
        "precision": 0.0,
        "recall": 0.0,
        "f1-score": 0.0,
        "support": 0.0
    },
    "process": {
        "precision": 0.0,
        "recall": 0.0,
        "f1-score": 0.0,
        "support": 0.0
    },
    "micro avg": {
        "precision": 0.9800261562239924,
        "recall": 0.9763888340506179,
        "f1-score": 0.9782041139240506,
        "support": 25327.0
    },
    "macro avg": {
        "precision": 0.4970683866027886,
        "recall": 0.39204904192934287,
        "f1-score": 0.43113420376871137,
        "support": 25327.0
    },
    "weighted avg": {
        "precision": 0.9974183097368944,
        "recall": 0.9763888340506179,
        "f1-score": 0.9853325234713471,
        "support": 25327.0
    },
    "samples avg": {
        "precision": 0.9763888340506179,
        "recall": 0.9763888340506179,
        "f1-score": 0.9763888340506179,
        "support": 25327.0
    }
}