{
    "independent continuant": {
        "precision": 0.9981155264235969,
        "recall": 0.9905675719629208,
        "f1-score": 0.994327225237726,
        "support": 12298.0
    },
    "specifically dependent continuant": {
        "precision": 0.9915966386554622,
        "recall": 0.6465753424657534,
        "f1-score": 0.7827529021558872,
        "support": 365.0
    },
    "generically dependent continuant": {
        "precision": 0.0,
        "recall": 0.0,
        "f1-score": 0.0,
        "support": 0.0
    },
    "process": {
        "precision": 0.0,
        "recall": 0.0,
        "f1-score": 0.0,
        "support": 0.0
    },
    "micro avg": {
        "precision": 0.983370288248337,
        "recall": 0.9806522940851299,
        "f1-score": 0.9820094104622198,
        "support": 12663.0
    },
    "macro avg": {
        "precision": 0.4974280412697648,
        "recall": 0.40928572860716855,
        "f1-score": 0.4442700318484033,
        "support": 12663.0
    },
    "weighted avg": {
        "precision": 0.9979276251335891,
        "recall": 0.9806522940851299,
        "f1-score": 0.9882287787459886,
        "support": 12663.0
    },
    "samples avg": {
        "precision": 0.9806522940851299,
        "recall": 0.9806522940851299,
        "f1-score": 0.9806522940851299,
        "support": 12663.0
    }
}