{
    "independent continuant": {
        "precision": 0.9974894647180131,
        "recall": 0.983295032702846,
        "f1-score": 0.9903413895936262,
        "support": 33942.0
    },
    "specifically dependent continuant": {
        "precision": 0.9871086556169429,
        "recall": 0.5317460317460317,
        "f1-score": 0.6911669890393295,
        "support": 1008.0
    },
    "generically dependent continuant": {
        "precision": 0.0,
        "recall": 0.0,
        "f1-score": 0.0,
        "support": 0.0
    },
    "process": {
        "precision": 0.0,
        "recall": 0.0,
        "f1-score": 0.0,
        "support": 0.0
    },
    "micro avg": {
        "precision": 0.9742580515413566,
        "recall": 0.970271816881259,
        "f1-score": 0.9722608483736399,
        "support": 34950.0
    },
    "macro avg": {
        "precision": 0.496149530083739,
        "recall": 0.37876026611221947,
        "f1-score": 0.4203770946582389,
        "support": 34950.0
    },
    "weighted avg": {
        "precision": 0.9971900697087464,
        "recall": 0.970271816881259,
        "f1-score": 0.9817128403587553,
        "support": 34950.0
    },
    "samples avg": {
        "precision": 0.970271816881259,
        "recall": 0.970271816881259,
        "f1-score": 0.970271816881259,
        "support": 34950.0
    }
}