{
    "independent continuant": {
        "precision": 0.9977013095569797,
        "recall": 0.9870103021741378,
        "f1-score": 0.9923270113449381,
        "support": 29023.0
    },
    "specifically dependent continuant": {
        "precision": 0.982,
        "recall": 0.5696055684454756,
        "f1-score": 0.7209985315712188,
        "support": 862.0
    },
    "generically dependent continuant": {
        "precision": 0.0,
        "recall": 0.0,
        "f1-score": 0.0,
        "support": 0.0
    },
    "process": {
        "precision": 0.0,
        "recall": 0.0,
        "f1-score": 0.0,
        "support": 0.0
    },
    "micro avg": {
        "precision": 0.9783754742956919,
        "recall": 0.9749707210975406,
        "f1-score": 0.9766701303925184,
        "support": 29885.0
    },
    "macro avg": {
        "precision": 0.4949253273892449,
        "recall": 0.38915396765490334,
        "f1-score": 0.4283313857290392,
        "support": 29885.0
    },
    "weighted avg": {
        "precision": 0.9972484225287677,
        "recall": 0.9749707210975406,
        "f1-score": 0.9845008393668572,
        "support": 29885.0
    },
    "samples avg": {
        "precision": 0.9749707210975406,
        "recall": 0.9749707210975406,
        "f1-score": 0.9749707210975406,
        "support": 29885.0
    }
}