{
    "independent continuant": {
        "precision": 0.9978329623989692,
        "recall": 0.9895452169367486,
        "f1-score": 0.9936718089294567,
        "support": 17217.0
    },
    "specifically dependent continuant": {
        "precision": 0.9936708860759493,
        "recall": 0.6144814090019569,
        "f1-score": 0.7593712212817413,
        "support": 511.0
    },
    "generically dependent continuant": {
        "precision": 0.0,
        "recall": 0.0,
        "f1-score": 0.0,
        "support": 0.0
    },
    "process": {
        "precision": 0.0,
        "recall": 0.0,
        "f1-score": 0.0,
        "support": 0.0
    },
    "micro avg": {
        "precision": 0.9821135450274523,
        "recall": 0.9787342057761733,
        "f1-score": 0.9804209634129114,
        "support": 17728.0
    },
    "macro avg": {
        "precision": 0.49787596211872964,
        "recall": 0.40100665648467637,
        "f1-score": 0.4382607575527995,
        "support": 17728.0
    },
    "weighted avg": {
        "precision": 0.9977129928027901,
        "recall": 0.9787342057761733,
        "f1-score": 0.9869182213680859,
        "support": 17728.0
    },
    "samples avg": {
        "precision": 0.9787342057761733,
        "recall": 0.9787342057761733,
        "f1-score": 0.9787342057761733,
        "support": 17728.0
    }
}