{
    "independent continuant": {
        "precision": 0.997837136368552,
        "recall": 0.9872320696173187,
        "f1-score": 0.9925062746504123,
        "support": 28039.0
    },
    "specifically dependent continuant": {
        "precision": 0.9814432989690721,
        "recall": 0.5714285714285714,
        "f1-score": 0.7223065250379362,
        "support": 833.0
    },
    "generically dependent continuant": {
        "precision": 0.0,
        "recall": 0.0,
        "f1-score": 0.0,
        "support": 0.0
    },
    "process": {
        "precision": 0.0,
        "recall": 0.0,
        "f1-score": 0.0,
        "support": 0.0
    },
    "micro avg": {
        "precision": 0.9788632018077524,
        "recall": 0.9752355223053477,
        "f1-score": 0.9770459947603102,
        "support": 28872.0
    },
    "macro avg": {
        "precision": 0.494820108834406,
        "recall": 0.3896651602614725,
        "f1-score": 0.42870319992208716,
        "support": 28872.0
    },
    "weighted avg": {
        "precision": 0.9973641498572688,
        "recall": 0.9752355223053477,
        "f1-score": 0.9847106113286059,
        "support": 28872.0
    },
    "samples avg": {
        "precision": 0.9752355223053477,
        "recall": 0.9752355223053477,
        "f1-score": 0.9752355223053477,
        "support": 28872.0
    }
}