{
    "independent continuant": {
        "precision": 0.9976111127495797,
        "recall": 0.9823430330487309,
        "f1-score": 0.9899182042990299,
        "support": 34434.0
    },
    "specifically dependent continuant": {
        "precision": 0.9838709677419355,
        "recall": 0.5366568914956011,
        "f1-score": 0.6944971537001897,
        "support": 1023.0
    },
    "generically dependent continuant": {
        "precision": 0.0,
        "recall": 0.0,
        "f1-score": 0.0,
        "support": 0.0
    },
    "process": {
        "precision": 0.0,
        "recall": 0.0,
        "f1-score": 0.0,
        "support": 0.0
    },
    "micro avg": {
        "precision": 0.9732997338467637,
        "recall": 0.969484163916857,
        "f1-score": 0.971388202048746,
        "support": 35457.0
    },
    "macro avg": {
        "precision": 0.4953705201228788,
        "recall": 0.37974998113608305,
        "f1-score": 0.4211038394998049,
        "support": 35457.0
    },
    "weighted avg": {
        "precision": 0.9972146841644536,
        "recall": 0.969484163916857,
        "f1-score": 0.9813947608389907,
        "support": 35457.0
    },
    "samples avg": {
        "precision": 0.969484163916857,
        "recall": 0.969484163916857,
        "f1-score": 0.969484163916857,
        "support": 35457.0
    }
}