{
    "independent continuant": {
        "precision": 0.9989744398863994,
        "recall": 0.9900703674745895,
        "f1-score": 0.994502473886751,
        "support": 12790.0
    },
    "specifically dependent continuant": {
        "precision": 0.9925093632958801,
        "recall": 0.6973684210526315,
        "f1-score": 0.8191653786707882,
        "support": 380.0
    },
    "generically dependent continuant": {
        "precision": 0.0,
        "recall": 0.0,
        "f1-score": 0.0,
        "support": 0.0
    },
    "process": {
        "precision": 0.0,
        "recall": 0.0,
        "f1-score": 0.0,
        "support": 0.0
    },
    "micro avg": {
        "precision": 0.9846903800746439,
        "recall": 0.9816249050873197,
        "f1-score": 0.9831552530514468,
        "support": 13170.0
    },
    "macro avg": {
        "precision": 0.49787095079556987,
        "recall": 0.42185969713180527,
        "f1-score": 0.4534169631393848,
        "support": 13170.0
    },
    "weighted avg": {
        "precision": 0.9987879000910769,
        "recall": 0.9816249050873197,
        "f1-score": 0.9894433929313929,
        "support": 13170.0
    },
    "samples avg": {
        "precision": 0.9816249050873197,
        "recall": 0.9816249050873197,
        "f1-score": 0.9816249050873197,
        "support": 13170.0
    }
}