{
    "independent continuant": {
        "precision": 0.9975409836065574,
        "recall": 0.9896320390323237,
        "f1-score": 0.993570772527809,
        "support": 4919.0
    },
    "specifically dependent continuant": {
        "precision": 0.967741935483871,
        "recall": 0.6164383561643836,
        "f1-score": 0.7531380753138075,
        "support": 146.0
    },
    "generically dependent continuant": {
        "precision": 0.0,
        "recall": 0.0,
        "f1-score": 0.0,
        "support": 0.0
    },
    "process": {
        "precision": 0.0,
        "recall": 0.0,
        "f1-score": 0.0,
        "support": 0.0
    },
    "micro avg": {
        "precision": 0.9817821782178218,
        "recall": 0.9788746298124383,
        "f1-score": 0.9803262481463173,
        "support": 5065.0
    },
    "macro avg": {
        "precision": 0.4913207297726071,
        "recall": 0.4015175987991768,
        "f1-score": 0.4366772119604041,
        "support": 5065.0
    },
    "weighted avg": {
        "precision": 0.9966820179548471,
        "recall": 0.9788746298124383,
        "f1-score": 0.9866402347601398,
        "support": 5065.0
    },
    "samples avg": {
        "precision": 0.9788746298124383,
        "recall": 0.9788746298124383,
        "f1-score": 0.9788746298124383,
        "support": 5065.0
    }
}