{
    "independent continuant": {
        "precision": 0.9977945564463818,
        "recall": 0.9772063120981882,
        "f1-score": 0.9873931239890107,
        "support": 39353.0
    },
    "specifically dependent continuant": {
        "precision": 0.9840510366826156,
        "recall": 0.5278015397775877,
        "f1-score": 0.6870824053452116,
        "support": 1169.0
    },
    "generically dependent continuant": {
        "precision": 0.0,
        "recall": 0.0,
        "f1-score": 0.0,
        "support": 0.0
    },
    "process": {
        "precision": 0.0,
        "recall": 0.0,
        "f1-score": 0.0,
        "support": 0.0
    },
    "micro avg": {
        "precision": 0.9682319415190187,
        "recall": 0.9642416465130053,
        "f1-score": 0.9662326743078996,
        "support": 40522.0
    },
    "macro avg": {
        "precision": 0.49546139828224933,
        "recall": 0.376251962968944,
        "f1-score": 0.4186188823335556,
        "support": 40522.0
    },
    "weighted avg": {
        "precision": 0.9973980761491644,
        "recall": 0.9642416465130053,
        "f1-score": 0.9787296021960439,
        "support": 40522.0
    },
    "samples avg": {
        "precision": 0.9642416465130053,
        "recall": 0.9642416465130053,
        "f1-score": 0.9642416465130053,
        "support": 40522.0
    }
}