{
    "independent continuant": {
        "precision": 0.9975605119756685,
        "recall": 0.9847688747107024,
        "f1-score": 0.9911234222040354,
        "support": 31974.0
    },
    "specifically dependent continuant": {
        "precision": 0.9794776119402985,
        "recall": 0.5526315789473685,
        "f1-score": 0.7065948855989233,
        "support": 950.0
    },
    "generically dependent continuant": {
        "precision": 0.0,
        "recall": 0.0,
        "f1-score": 0.0,
        "support": 0.0
    },
    "process": {
        "precision": 0.0,
        "recall": 0.0,
        "f1-score": 0.0,
        "support": 0.0
    },
    "micro avg": {
        "precision": 0.9758863518580617,
        "recall": 0.972299842060503,
        "f1-score": 0.9740897956699682,
        "support": 32924.0
    },
    "macro avg": {
        "precision": 0.4942595309789918,
        "recall": 0.38435011341451775,
        "f1-score": 0.4244295769507397,
        "support": 32924.0
    },
    "weighted avg": {
        "precision": 0.997038741989227,
        "recall": 0.972299842060503,
        "f1-score": 0.9829135415766859,
        "support": 32924.0
    },
    "samples avg": {
        "precision": 0.972299842060503,
        "recall": 0.972299842060503,
        "f1-score": 0.972299842060503,
        "support": 32924.0
    }
}