{
    "independent continuant": {
        "precision": 0.9975845410628019,
        "recall": 0.9378243944636678,
        "f1-score": 0.9667818526362725,
        "support": 46240.0
    },
    "specifically dependent continuant": {
        "precision": 0.9834558823529411,
        "recall": 0.3896576839038602,
        "f1-score": 0.5581637976004173,
        "support": 1373.0
    },
    "generically dependent continuant": {
        "precision": 0.0,
        "recall": 0.0,
        "f1-score": 0.0,
        "support": 0.0
    },
    "process": {
        "precision": 0.0,
        "recall": 0.0,
        "f1-score": 0.0,
        "support": 0.0
    },
    "micro avg": {
        "precision": 0.9268838544855689,
        "recall": 0.9220170961712137,
        "f1-score": 0.9244440700808625,
        "support": 47613.0
    },
    "macro avg": {
        "precision": 0.49526010585393576,
        "recall": 0.331870519591882,
        "f1-score": 0.38123641255917246,
        "support": 47613.0
    },
    "weighted avg": {
        "precision": 0.9971771177034539,
        "recall": 0.9220170961712137,
        "f1-score": 0.9549986717914564,
        "support": 47613.0
    },
    "samples avg": {
        "precision": 0.9220170961712137,
        "recall": 0.9220170961712137,
        "f1-score": 0.9220170961712137,
        "support": 47613.0
    }
}